group,nonce_lsb,count
listed,0,554
listed,1,519
listed,2,536
listed,3,501
listed,4,522
listed,5,533
listed,6,576
listed,7,513
listed,8,537
listed,9,425
listed,10,0
listed,11,0
listed,12,0
listed,13,0
listed,14,0
listed,15,0
listed,16,0
listed,17,0
listed,18,0
listed,19,280
listed,20,667
listed,21,609
listed,22,609
listed,23,656
listed,24,627
listed,25,650
listed,26,645
listed,27,662
listed,28,649
listed,29,471
listed,30,452
listed,31,402
listed,32,460
listed,33,430
listed,34,460
listed,35,460
listed,36,501
listed,37,458
listed,38,438
listed,39,352
listed,40,316
listed,41,344
listed,42,310
listed,43,296
listed,44,350
listed,45,353
listed,46,338
listed,47,333
listed,48,323
listed,49,273
listed,50,290
listed,51,306
listed,52,276
listed,53,276
listed,54,313
listed,55,292
listed,56,328
listed,57,278
listed,58,204
listed,59,0
listed,60,0
listed,61,0
listed,62,0
listed,63,0
listed,64,0
listed,65,0
listed,66,0
listed,67,0
listed,68,0
listed,69,0
listed,70,0
listed,71,0
listed,72,0
listed,73,0
listed,74,0
listed,75,0
listed,76,0
listed,77,0
listed,78,0
listed,79,0
listed,80,0
listed,81,0
listed,82,0
listed,83,0
listed,84,0
listed,85,0
listed,86,0
listed,87,0
listed,88,0
listed,89,0
listed,90,0
listed,91,0
listed,92,0
listed,93,0
listed,94,0
listed,95,0
listed,96,0
listed,97,0
listed,98,0
listed,99,0
listed,100,0
listed,101,0
listed,102,0
listed,103,0
listed,104,0
listed,105,0
listed,106,0
listed,107,0
listed,108,0
listed,109,0
listed,110,0
listed,111,0
listed,112,0
listed,113,0
listed,114,0
listed,115,0
listed,116,0
listed,117,0
listed,118,0
listed,119,0
listed,120,0
listed,121,0
listed,122,0
listed,123,0
listed,124,0
listed,125,0
listed,126,0
listed,127,0
listed,128,0
listed,129,0
listed,130,0
listed,131,0
listed,132,0
listed,133,0
listed,134,0
listed,135,0
listed,136,0
listed,137,0
listed,138,0
listed,139,0
listed,140,0
listed,141,0
listed,142,0
listed,143,0
listed,144,0
listed,145,0
listed,146,0
listed,147,0
listed,148,0
listed,149,0
listed,150,0
listed,151,0
listed,152,0
listed,153,0
listed,154,0
listed,155,0
listed,156,0
listed,157,0
listed,158,0
listed,159,0
listed,160,0
listed,161,0
listed,162,0
listed,163,0
listed,164,0
listed,165,0
listed,166,0
listed,167,0
listed,168,0
listed,169,0
listed,170,0
listed,171,0
listed,172,0
listed,173,0
listed,174,0
listed,175,0
listed,176,0
listed,177,0
listed,178,0
listed,179,0
listed,180,0
listed,181,0
listed,182,0
listed,183,0
listed,184,0
listed,185,0
listed,186,0
listed,187,0
listed,188,0
listed,189,0
listed,190,0
listed,191,0
listed,192,0
listed,193,0
listed,194,0
listed,195,0
listed,196,0
listed,197,0
listed,198,0
listed,199,0
listed,200,0
listed,201,0
listed,202,0
listed,203,0
listed,204,0
listed,205,0
listed,206,0
listed,207,0
listed,208,0
listed,209,0
listed,210,0
listed,211,0
listed,212,0
listed,213,0
listed,214,0
listed,215,0
listed,216,0
listed,217,0
listed,218,0
listed,219,0
listed,220,0
listed,221,0
listed,222,0
listed,223,0
listed,224,0
listed,225,0
listed,226,0
listed,227,0
listed,228,0
listed,229,0
listed,230,0
listed,231,0
listed,232,0
listed,233,0
listed,234,0
listed,235,0
listed,236,0
listed,237,0
listed,238,0
listed,239,0
listed,240,0
listed,241,0
listed,242,0
listed,243,0
listed,244,0
listed,245,0
listed,246,0
listed,247,0
listed,248,0
listed,249,0
listed,250,0
listed,251,0
listed,252,0
listed,253,0
listed,254,0
listed,255,0
unlisted_controls,0,10
unlisted_controls,1,6
unlisted_controls,2,11
unlisted_controls,3,13
unlisted_controls,4,12
unlisted_controls,5,10
unlisted_controls,6,12
unlisted_controls,7,18
unlisted_controls,8,5
unlisted_controls,9,8
unlisted_controls,10,7
unlisted_controls,11,8
unlisted_controls,12,15
unlisted_controls,13,12
unlisted_controls,14,9
unlisted_controls,15,17
unlisted_controls,16,13
unlisted_controls,17,10
unlisted_controls,18,7
unlisted_controls,19,13
unlisted_controls,20,18
unlisted_controls,21,15
unlisted_controls,22,16
unlisted_controls,23,10
unlisted_controls,24,8
unlisted_controls,25,11
unlisted_controls,26,14
unlisted_controls,27,14
unlisted_controls,28,20
unlisted_controls,29,8
unlisted_controls,30,9
unlisted_controls,31,17
unlisted_controls,32,15
unlisted_controls,33,15
unlisted_controls,34,10
unlisted_controls,35,14
unlisted_controls,36,10
unlisted_controls,37,11
unlisted_controls,38,12
unlisted_controls,39,11
unlisted_controls,40,12
unlisted_controls,41,10
unlisted_controls,42,13
unlisted_controls,43,14
unlisted_controls,44,13
unlisted_controls,45,12
unlisted_controls,46,15
unlisted_controls,47,12
unlisted_controls,48,11
unlisted_controls,49,14
unlisted_controls,50,12
unlisted_controls,51,13
unlisted_controls,52,14
unlisted_controls,53,11
unlisted_controls,54,14
unlisted_controls,55,12
unlisted_controls,56,7
unlisted_controls,57,8
unlisted_controls,58,9
unlisted_controls,59,15
unlisted_controls,60,12
unlisted_controls,61,16
unlisted_controls,62,15
unlisted_controls,63,15
unlisted_controls,64,8
unlisted_controls,65,19
unlisted_controls,66,10
unlisted_controls,67,15
unlisted_controls,68,10
unlisted_controls,69,9
unlisted_controls,70,19
unlisted_controls,71,20
unlisted_controls,72,15
unlisted_controls,73,9
unlisted_controls,74,13
unlisted_controls,75,12
unlisted_controls,76,9
unlisted_controls,77,15
unlisted_controls,78,6
unlisted_controls,79,12
unlisted_controls,80,12
unlisted_controls,81,12
unlisted_controls,82,11
unlisted_controls,83,8
unlisted_controls,84,6
unlisted_controls,85,14
unlisted_controls,86,3
unlisted_controls,87,6
unlisted_controls,88,14
unlisted_controls,89,14
unlisted_controls,90,18
unlisted_controls,91,8
unlisted_controls,92,12
unlisted_controls,93,14
unlisted_controls,94,9
unlisted_controls,95,9
unlisted_controls,96,7
unlisted_controls,97,14
unlisted_controls,98,10
unlisted_controls,99,10
unlisted_controls,100,13
unlisted_controls,101,11
unlisted_controls,102,13
unlisted_controls,103,12
unlisted_controls,104,14
unlisted_controls,105,12
unlisted_controls,106,9
unlisted_controls,107,12
unlisted_controls,108,12
unlisted_controls,109,9
unlisted_controls,110,10
unlisted_controls,111,7
unlisted_controls,112,7
unlisted_controls,113,11
unlisted_controls,114,15
unlisted_controls,115,12
unlisted_controls,116,7
unlisted_controls,117,10
unlisted_controls,118,9
unlisted_controls,119,9
unlisted_controls,120,11
unlisted_controls,121,14
unlisted_controls,122,9
unlisted_controls,123,8
unlisted_controls,124,13
unlisted_controls,125,6
unlisted_controls,126,14
unlisted_controls,127,9
unlisted_controls,128,11
unlisted_controls,129,11
unlisted_controls,130,11
unlisted_controls,131,9
unlisted_controls,132,13
unlisted_controls,133,10
unlisted_controls,134,11
unlisted_controls,135,13
unlisted_controls,136,14
unlisted_controls,137,10
unlisted_controls,138,8
unlisted_controls,139,9
unlisted_controls,140,11
unlisted_controls,141,13
unlisted_controls,142,12
unlisted_controls,143,14
unlisted_controls,144,8
unlisted_controls,145,12
unlisted_controls,146,19
unlisted_controls,147,13
unlisted_controls,148,13
unlisted_controls,149,18
unlisted_controls,150,15
unlisted_controls,151,9
unlisted_controls,152,8
unlisted_controls,153,14
unlisted_controls,154,7
unlisted_controls,155,12
unlisted_controls,156,10
unlisted_controls,157,7
unlisted_controls,158,10
unlisted_controls,159,13
unlisted_controls,160,19
unlisted_controls,161,9
unlisted_controls,162,20
unlisted_controls,163,7
unlisted_controls,164,5
unlisted_controls,165,13
unlisted_controls,166,13
unlisted_controls,167,10
unlisted_controls,168,15
unlisted_controls,169,9
unlisted_controls,170,14
unlisted_controls,171,11
unlisted_controls,172,10
unlisted_controls,173,15
unlisted_controls,174,8
unlisted_controls,175,12
unlisted_controls,176,17
unlisted_controls,177,19
unlisted_controls,178,14
unlisted_controls,179,7
unlisted_controls,180,11
unlisted_controls,181,10
unlisted_controls,182,11
unlisted_controls,183,9
unlisted_controls,184,11
unlisted_controls,185,16
unlisted_controls,186,13
unlisted_controls,187,9
unlisted_controls,188,15
unlisted_controls,189,12
unlisted_controls,190,14
unlisted_controls,191,15
unlisted_controls,192,12
unlisted_controls,193,9
unlisted_controls,194,9
unlisted_controls,195,9
unlisted_controls,196,9
unlisted_controls,197,11
unlisted_controls,198,7
unlisted_controls,199,8
unlisted_controls,200,10
unlisted_controls,201,15
unlisted_controls,202,12
unlisted_controls,203,6
unlisted_controls,204,13
unlisted_controls,205,11
unlisted_controls,206,9
unlisted_controls,207,9
unlisted_controls,208,11
unlisted_controls,209,8
unlisted_controls,210,12
unlisted_controls,211,9
unlisted_controls,212,14
unlisted_controls,213,8
unlisted_controls,214,14
unlisted_controls,215,9
unlisted_controls,216,19
unlisted_controls,217,9
unlisted_controls,218,12
unlisted_controls,219,12
unlisted_controls,220,13
unlisted_controls,221,7
unlisted_controls,222,11
unlisted_controls,223,14
unlisted_controls,224,14
unlisted_controls,225,13
unlisted_controls,226,9
unlisted_controls,227,13
unlisted_controls,228,14
unlisted_controls,229,11
unlisted_controls,230,13
unlisted_controls,231,9
unlisted_controls,232,23
unlisted_controls,233,15
unlisted_controls,234,14
unlisted_controls,235,11
unlisted_controls,236,15
unlisted_controls,237,13
unlisted_controls,238,12
unlisted_controls,239,13
unlisted_controls,240,12
unlisted_controls,241,13
unlisted_controls,242,11
unlisted_controls,243,23
unlisted_controls,244,15
unlisted_controls,245,12
unlisted_controls,246,19
unlisted_controls,247,8
unlisted_controls,248,11
unlisted_controls,249,17
unlisted_controls,250,12
unlisted_controls,251,6
unlisted_controls,252,8
unlisted_controls,253,13
unlisted_controls,254,15
unlisted_controls,255,8
boundary,0,13
boundary,1,10
boundary,2,12
boundary,3,7
boundary,4,9
boundary,5,5
boundary,6,12
boundary,7,9
boundary,8,12
boundary,9,12
boundary,10,8
boundary,11,7
boundary,12,6
boundary,13,8
boundary,14,11
boundary,15,11
boundary,16,8
boundary,17,10
boundary,18,7
boundary,19,9
boundary,20,11
boundary,21,19
boundary,22,15
boundary,23,12
boundary,24,9
boundary,25,10
boundary,26,11
boundary,27,17
boundary,28,17
boundary,29,13
boundary,30,7
boundary,31,13
boundary,32,9
boundary,33,11
boundary,34,7
boundary,35,11
boundary,36,10
boundary,37,12
boundary,38,6
boundary,39,8
boundary,40,8
boundary,41,5
boundary,42,10
boundary,43,12
boundary,44,10
boundary,45,11
boundary,46,18
boundary,47,7
boundary,48,9
boundary,49,8
boundary,50,11
boundary,51,8
boundary,52,10
boundary,53,13
boundary,54,12
boundary,55,16
boundary,56,10
boundary,57,7
boundary,58,7
boundary,59,10
boundary,60,5
boundary,61,14
boundary,62,10
boundary,63,8
boundary,64,10
boundary,65,8
boundary,66,10
boundary,67,11
boundary,68,11
boundary,69,6
boundary,70,14
boundary,71,11
boundary,72,7
boundary,73,8
boundary,74,9
boundary,75,6
boundary,76,9
boundary,77,8
boundary,78,10
boundary,79,16
boundary,80,4
boundary,81,8
boundary,82,8
boundary,83,10
boundary,84,11
boundary,85,11
boundary,86,8
boundary,87,7
boundary,88,8
boundary,89,8
boundary,90,8
boundary,91,18
boundary,92,17
boundary,93,9
boundary,94,13
boundary,95,5
boundary,96,14
boundary,97,7
boundary,98,12
boundary,99,6
boundary,100,9
boundary,101,10
boundary,102,13
boundary,103,13
boundary,104,9
boundary,105,10
boundary,106,14
boundary,107,8
boundary,108,12
boundary,109,9
boundary,110,6
boundary,111,9
boundary,112,15
boundary,113,11
boundary,114,9
boundary,115,11
boundary,116,11
boundary,117,11
boundary,118,10
boundary,119,10
boundary,120,9
boundary,121,5
boundary,122,10
boundary,123,9
boundary,124,11
boundary,125,6
boundary,126,10
boundary,127,9
boundary,128,7
boundary,129,6
boundary,130,8
boundary,131,10
boundary,132,7
boundary,133,9
boundary,134,10
boundary,135,13
boundary,136,15
boundary,137,14
boundary,138,11
boundary,139,11
boundary,140,20
boundary,141,7
boundary,142,13
boundary,143,14
boundary,144,6
boundary,145,8
boundary,146,7
boundary,147,9
boundary,148,7
boundary,149,7
boundary,150,9
boundary,151,9
boundary,152,8
boundary,153,10
boundary,154,11
boundary,155,11
boundary,156,13
boundary,157,13
boundary,158,7
boundary,159,8
boundary,160,10
boundary,161,8
boundary,162,9
boundary,163,13
boundary,164,14
boundary,165,12
boundary,166,8
boundary,167,9
boundary,168,6
boundary,169,9
boundary,170,8
boundary,171,9
boundary,172,14
boundary,173,17
boundary,174,10
boundary,175,4
boundary,176,10
boundary,177,13
boundary,178,10
boundary,179,6
boundary,180,9
boundary,181,7
boundary,182,9
boundary,183,8
boundary,184,12
boundary,185,12
boundary,186,11
boundary,187,9
boundary,188,14
boundary,189,8
boundary,190,9
boundary,191,8
boundary,192,9
boundary,193,5
boundary,194,15
boundary,195,8
boundary,196,16
boundary,197,15
boundary,198,13
boundary,199,13
boundary,200,12
boundary,201,12
boundary,202,9
boundary,203,6
boundary,204,19
boundary,205,7
boundary,206,5
boundary,207,14
boundary,208,10
boundary,209,16
boundary,210,8
boundary,211,12
boundary,212,9
boundary,213,6
boundary,214,7
boundary,215,6
boundary,216,14
boundary,217,15
boundary,218,15
boundary,219,8
boundary,220,8
boundary,221,8
boundary,222,9
boundary,223,7
boundary,224,7
boundary,225,14
boundary,226,9
boundary,227,15
boundary,228,10
boundary,229,15
boundary,230,9
boundary,231,10
boundary,232,11
boundary,233,15
boundary,234,12
boundary,235,16
boundary,236,10
boundary,237,18
boundary,238,7
boundary,239,16
boundary,240,7
boundary,241,9
boundary,242,8
boundary,243,6
boundary,244,13
boundary,245,8
boundary,246,15
boundary,247,10
boundary,248,6
boundary,249,10
boundary,250,9
boundary,251,8
boundary,252,11
boundary,253,11
boundary,254,6
boundary,255,5
