group,bin,listed,all_blocks,listed_fraction,stratified_expected
hour_utc,0,905,2094,0.43218720152817575,929.510609806833
hour_utc,1,902,2081,0.43344545891398367,903.6485482566799
hour_utc,2,914,2109,0.43338074917022285,935.2154386053434
hour_utc,3,930,2108,0.4411764705882353,929.6947968196171
hour_utc,4,940,2125,0.4423529411764706,940.6892903000582
hour_utc,5,919,2113,0.4349266445811642,936.0712287499045
hour_utc,6,926,2054,0.4508276533592989,920.6262650950797
hour_utc,7,923,1985,0.4649874055415617,883.7219410696154
hour_utc,8,892,1999,0.4462231115557779,881.7590156588865
hour_utc,9,884,1999,0.44222111055527763,879.7604134003656
hour_utc,10,910,2025,0.44938271604938274,885.704088965047
hour_utc,11,907,2083,0.4354296687469995,900.8014920449234
hour_utc,12,888,2034,0.4365781710914454,901.1959630925631
hour_utc,13,862,2020,0.4267326732673267,889.49073162403
hour_utc,14,912,2096,0.4351145038167939,903.0156831129939
hour_utc,15,907,2065,0.43922518159806295,898.4463334726976
hour_utc,16,933,2122,0.439679547596607,952.7632368604789
hour_utc,17,922,2160,0.42685185185185187,929.4363465118145
hour_utc,18,963,2154,0.44707520891364905,954.2723546223888
hour_utc,19,928,2095,0.44295942720763726,920.5663334726975
hour_utc,20,916,2038,0.4494602551521099,893.4759699200271
hour_utc,21,926,2154,0.4298978644382544,922.1237747966693
hour_utc,22,916,2093,0.4376493072145246,913.9178664803446
hour_utc,23,928,2165,0.4286374133949192,947.0922772609413
weekday_utc,0,3222,7184,0.4484966592427617,3194.64413568426
weekday_utc,1,3228,7226,0.44672017713811235,3198.3596509816925
weekday_utc,2,3170,7173,0.44193503415586227,3149.794129524097
weekday_utc,3,3147,7127,0.44156026378560403,3119.5836571933464
weekday_utc,4,3081,7062,0.4362786745964316,3057.3759897392392
weekday_utc,5,2994,7048,0.42480136208853575,3049.0461329656328
weekday_utc,6,3111,7151,0.4350440497832471,3184.1963039117345
