target,height,utc,en,nonce,listed
49829,49395,2010-04-07T15:36:10+00:00,6495,1052108291,True
49829,49404,2010-04-07T16:39:57+00:00,6504,3282241031,True
49829,49415,2010-04-07T19:02:44+00:00,4,442937859,True
49829,49423,2010-04-07T20:22:54+00:00,81,595040775,True
49829,49431,2010-04-07T21:34:20+00:00,145,870482181,True
49829,49443,2010-04-07T22:53:18+00:00,8,18916631,True
49829,49463,2010-04-08T00:21:17+00:00,442,2623001625,True
49829,49469,2010-04-08T00:54:52+00:00,517,3918270488,True
49829,49476,2010-04-08T02:12:40+00:00,583,244740373,True
49829,49480,2010-04-08T02:27:25+00:00,588,3607915035,True
49829,49483,2010-04-08T03:22:45+00:00,610,1610374152,True
49829,49797,2010-04-09T19:49:41+00:00,14,56955166,True
49829,49867,2010-04-10T02:58:27+00:00,92,108509225,True
49829,49957,2010-04-10T11:38:55+00:00,297,138886951,True
49829,49958,2010-04-10T11:46:52+00:00,369,115014693,True
49829,49973,2010-04-10T12:47:06+00:00,177,200584752,True
49845,49395,2010-04-07T15:36:10+00:00,6495,1052108291,True
49845,49404,2010-04-07T16:39:57+00:00,6504,3282241031,True
49845,49415,2010-04-07T19:02:44+00:00,4,442937859,True
49845,49423,2010-04-07T20:22:54+00:00,81,595040775,True
49845,49431,2010-04-07T21:34:20+00:00,145,870482181,True
49845,49443,2010-04-07T22:53:18+00:00,8,18916631,True
49845,49463,2010-04-08T00:21:17+00:00,442,2623001625,True
49845,49469,2010-04-08T00:54:52+00:00,517,3918270488,True
49845,49476,2010-04-08T02:12:40+00:00,583,244740373,True
49845,49480,2010-04-08T02:27:25+00:00,588,3607915035,True
49845,49483,2010-04-08T03:22:45+00:00,610,1610374152,True
49845,49797,2010-04-09T19:49:41+00:00,14,56955166,True
49845,49867,2010-04-10T02:58:27+00:00,92,108509225,True
49845,49957,2010-04-10T11:38:55+00:00,297,138886951,True
49845,49958,2010-04-10T11:46:52+00:00,369,115014693,True
49845,49973,2010-04-10T12:47:06+00:00,177,200584752,True
49870,49404,2010-04-07T16:39:57+00:00,6504,3282241031,True
49870,49415,2010-04-07T19:02:44+00:00,4,442937859,True
49870,49423,2010-04-07T20:22:54+00:00,81,595040775,True
49870,49431,2010-04-07T21:34:20+00:00,145,870482181,True
49870,49443,2010-04-07T22:53:18+00:00,8,18916631,True
49870,49463,2010-04-08T00:21:17+00:00,442,2623001625,True
49870,49469,2010-04-08T00:54:52+00:00,517,3918270488,True
49870,49476,2010-04-08T02:12:40+00:00,583,244740373,True
49870,49480,2010-04-08T02:27:25+00:00,588,3607915035,True
49870,49483,2010-04-08T03:22:45+00:00,610,1610374152,True
49870,49797,2010-04-09T19:49:41+00:00,14,56955166,True
49870,49867,2010-04-10T02:58:27+00:00,92,108509225,True
49870,49957,2010-04-10T11:38:55+00:00,297,138886951,True
49870,49958,2010-04-10T11:46:52+00:00,369,115014693,True
49870,49973,2010-04-10T12:47:06+00:00,177,200584752,True
49875,49404,2010-04-07T16:39:57+00:00,6504,3282241031,True
49875,49415,2010-04-07T19:02:44+00:00,4,442937859,True
49875,49423,2010-04-07T20:22:54+00:00,81,595040775,True
49875,49431,2010-04-07T21:34:20+00:00,145,870482181,True
49875,49443,2010-04-07T22:53:18+00:00,8,18916631,True
49875,49463,2010-04-08T00:21:17+00:00,442,2623001625,True
49875,49469,2010-04-08T00:54:52+00:00,517,3918270488,True
49875,49476,2010-04-08T02:12:40+00:00,583,244740373,True
49875,49480,2010-04-08T02:27:25+00:00,588,3607915035,True
49875,49483,2010-04-08T03:22:45+00:00,610,1610374152,True
49875,49797,2010-04-09T19:49:41+00:00,14,56955166,True
49875,49867,2010-04-10T02:58:27+00:00,92,108509225,True
49875,49957,2010-04-10T11:38:55+00:00,297,138886951,True
49875,49958,2010-04-10T11:46:52+00:00,369,115014693,True
49875,49973,2010-04-10T12:47:06+00:00,177,200584752,True
49878,49404,2010-04-07T16:39:57+00:00,6504,3282241031,True
49878,49415,2010-04-07T19:02:44+00:00,4,442937859,True
49878,49423,2010-04-07T20:22:54+00:00,81,595040775,True
49878,49431,2010-04-07T21:34:20+00:00,145,870482181,True
49878,49443,2010-04-07T22:53:18+00:00,8,18916631,True
49878,49463,2010-04-08T00:21:17+00:00,442,2623001625,True
49878,49469,2010-04-08T00:54:52+00:00,517,3918270488,True
49878,49476,2010-04-08T02:12:40+00:00,583,244740373,True
49878,49480,2010-04-08T02:27:25+00:00,588,3607915035,True
49878,49483,2010-04-08T03:22:45+00:00,610,1610374152,True
49878,49797,2010-04-09T19:49:41+00:00,14,56955166,True
49878,49867,2010-04-10T02:58:27+00:00,92,108509225,True
49878,49957,2010-04-10T11:38:55+00:00,297,138886951,True
49878,49958,2010-04-10T11:46:52+00:00,369,115014693,True
49878,49973,2010-04-10T12:47:06+00:00,177,200584752,True
49880,49404,2010-04-07T16:39:57+00:00,6504,3282241031,True
49880,49415,2010-04-07T19:02:44+00:00,4,442937859,True
49880,49423,2010-04-07T20:22:54+00:00,81,595040775,True
49880,49431,2010-04-07T21:34:20+00:00,145,870482181,True
49880,49443,2010-04-07T22:53:18+00:00,8,18916631,True
49880,49463,2010-04-08T00:21:17+00:00,442,2623001625,True
49880,49469,2010-04-08T00:54:52+00:00,517,3918270488,True
49880,49476,2010-04-08T02:12:40+00:00,583,244740373,True
49880,49480,2010-04-08T02:27:25+00:00,588,3607915035,True
49880,49483,2010-04-08T03:22:45+00:00,610,1610374152,True
49880,49797,2010-04-09T19:49:41+00:00,14,56955166,True
49880,49867,2010-04-10T02:58:27+00:00,92,108509225,True
49880,49957,2010-04-10T11:38:55+00:00,297,138886951,True
49880,49958,2010-04-10T11:46:52+00:00,369,115014693,True
49880,49973,2010-04-10T12:47:06+00:00,177,200584752,True
49905,49404,2010-04-07T16:39:57+00:00,6504,3282241031,True
49905,49415,2010-04-07T19:02:44+00:00,4,442937859,True
49905,49423,2010-04-07T20:22:54+00:00,81,595040775,True
49905,49431,2010-04-07T21:34:20+00:00,145,870482181,True
49905,49443,2010-04-07T22:53:18+00:00,8,18916631,True
49905,49463,2010-04-08T00:21:17+00:00,442,2623001625,True
49905,49469,2010-04-08T00:54:52+00:00,517,3918270488,True
49905,49476,2010-04-08T02:12:40+00:00,583,244740373,True
49905,49480,2010-04-08T02:27:25+00:00,588,3607915035,True
49905,49483,2010-04-08T03:22:45+00:00,610,1610374152,True
49905,49797,2010-04-09T19:49:41+00:00,14,56955166,True
49905,49867,2010-04-10T02:58:27+00:00,92,108509225,True
49905,49957,2010-04-10T11:38:55+00:00,297,138886951,True
49905,49958,2010-04-10T11:46:52+00:00,369,115014693,True
49905,49973,2010-04-10T12:47:06+00:00,177,200584752,True
49918,49404,2010-04-07T16:39:57+00:00,6504,3282241031,True
49918,49415,2010-04-07T19:02:44+00:00,4,442937859,True
49918,49423,2010-04-07T20:22:54+00:00,81,595040775,True
49918,49431,2010-04-07T21:34:20+00:00,145,870482181,True
49918,49443,2010-04-07T22:53:18+00:00,8,18916631,True
49918,49463,2010-04-08T00:21:17+00:00,442,2623001625,True
49918,49469,2010-04-08T00:54:52+00:00,517,3918270488,True
49918,49476,2010-04-08T02:12:40+00:00,583,244740373,True
49918,49480,2010-04-08T02:27:25+00:00,588,3607915035,True
49918,49483,2010-04-08T03:22:45+00:00,610,1610374152,True
49918,49797,2010-04-09T19:49:41+00:00,14,56955166,True
49918,49867,2010-04-10T02:58:27+00:00,92,108509225,True
49918,49957,2010-04-10T11:38:55+00:00,297,138886951,True
49918,49958,2010-04-10T11:46:52+00:00,369,115014693,True
49918,49973,2010-04-10T12:47:06+00:00,177,200584752,True
49919,49404,2010-04-07T16:39:57+00:00,6504,3282241031,True
49919,49415,2010-04-07T19:02:44+00:00,4,442937859,True
49919,49423,2010-04-07T20:22:54+00:00,81,595040775,True
49919,49431,2010-04-07T21:34:20+00:00,145,870482181,True
49919,49443,2010-04-07T22:53:18+00:00,8,18916631,True
49919,49463,2010-04-08T00:21:17+00:00,442,2623001625,True
49919,49469,2010-04-08T00:54:52+00:00,517,3918270488,True
49919,49476,2010-04-08T02:12:40+00:00,583,244740373,True
49919,49480,2010-04-08T02:27:25+00:00,588,3607915035,True
49919,49483,2010-04-08T03:22:45+00:00,610,1610374152,True
49919,49797,2010-04-09T19:49:41+00:00,14,56955166,True
49919,49867,2010-04-10T02:58:27+00:00,92,108509225,True
49919,49957,2010-04-10T11:38:55+00:00,297,138886951,True
49919,49958,2010-04-10T11:46:52+00:00,369,115014693,True
49919,49973,2010-04-10T12:47:06+00:00,177,200584752,True
49933,49404,2010-04-07T16:39:57+00:00,6504,3282241031,True
49933,49415,2010-04-07T19:02:44+00:00,4,442937859,True
49933,49423,2010-04-07T20:22:54+00:00,81,595040775,True
49933,49431,2010-04-07T21:34:20+00:00,145,870482181,True
49933,49443,2010-04-07T22:53:18+00:00,8,18916631,True
49933,49463,2010-04-08T00:21:17+00:00,442,2623001625,True
49933,49469,2010-04-08T00:54:52+00:00,517,3918270488,True
49933,49476,2010-04-08T02:12:40+00:00,583,244740373,True
49933,49480,2010-04-08T02:27:25+00:00,588,3607915035,True
49933,49483,2010-04-08T03:22:45+00:00,610,1610374152,True
49933,49797,2010-04-09T19:49:41+00:00,14,56955166,True
49933,49867,2010-04-10T02:58:27+00:00,92,108509225,True
49933,49957,2010-04-10T11:38:55+00:00,297,138886951,True
49933,49958,2010-04-10T11:46:52+00:00,369,115014693,True
49933,49973,2010-04-10T12:47:06+00:00,177,200584752,True
37808,37254,2010-01-30T18:19:01+00:00,3088,1419145728,True
37808,37271,2010-01-30T19:42:06+00:00,3153,4197723161,True
37808,37278,2010-01-30T20:03:54+00:00,3174,2175723016,True
37808,37293,2010-01-30T21:09:35+00:00,3177,1139198979,True
37808,37301,2010-01-30T21:29:47+00:00,3183,1763811611,True
37808,37303,2010-01-30T21:58:48+00:00,3190,543688733,True
37808,37308,2010-01-30T22:21:39+00:00,3199,3359646231,True
37808,37311,2010-01-30T22:43:13+00:00,3209,3379545365,True
37808,37738,2010-02-02T11:58:19+00:00,55,17675290,True
37808,37764,2010-02-02T16:58:06+00:00,86,373601066,True
37808,37797,2010-02-02T20:45:52+00:00,139,1151620102,True
37808,37804,2010-02-02T21:35:07+00:00,146,582259735,True
37808,37809,2010-02-02T22:02:23+00:00,166,1735053335,True
37808,37815,2010-02-02T22:54:43+00:00,191,2721038343,True
37808,37819,2010-02-02T23:27:45+00:00,201,395059482,True
37808,37825,2010-02-03T00:23:52+00:00,209,2779828503,True
37808,37838,2010-02-03T01:35:21+00:00,214,1119315223,True
37808,37850,2010-02-03T02:53:47+00:00,230,1834511900,True
37808,37852,2010-02-03T03:07:03+00:00,245,3019811842,True
37808,37864,2010-02-03T04:33:39+00:00,271,1071281943,True
37808,37869,2010-02-03T05:12:47+00:00,287,3173331713,True
37808,37878,2010-02-03T05:58:27+00:00,297,3539703812,True
37808,37883,2010-02-03T06:19:27+00:00,306,57067270,True
37808,37893,2010-02-03T07:10:58+00:00,321,4140959771,True
