first_height,last_height,blocks,hours,start_en,end_en
3,14,11,1.5044444444444445,14,62
15,25,11,1.6388888888888888,10,65
26,37,10,10.086666666666666,5,87
38,72,34,6.029444444444445,7,199
73,77,5,0.8044444444444444,1,14
79,126,48,9.525555555555556,3,244
128,162,34,6.214722222222222,9,219
166,183,10,7.148055555555556,1,42
184,275,72,19.438055555555554,2,397
276,659,331,72.48638888888888,2,1977
660,711,44,12.085,7,317
712,1295,450,125.59777777777778,5,2614
1300,1386,77,20.726944444444445,16,478
1400,1402,3,0.1388888888888889,7,21
1403,1410,6,0.6727777777777778,15,63
1411,1421,9,1.1652777777777779,47,90
1422,1428,6,0.6811111111111111,87,105
1429,1430,2,0.31527777777777777,93,112
1431,1432,2,0.2075,98,113
1433,1434,2,0.14777777777777779,105,114
1435,1436,2,0.23305555555555554,106,119
1437,1438,2,0.11472222222222223,118,124
1439,1448,9,1.1583333333333334,120,156
1449,1450,2,0.09666666666666666,149,160
1451,1452,2,0.15305555555555556,156,176
1453,1457,5,0.5275,158,182
1458,1460,3,0.2825,169,222
1461,1463,3,0.19027777777777777,184,229
1464,1465,2,0.07888888888888888,188,230
1466,1467,2,0.035833333333333335,196,235
1468,1469,2,0.08555555555555555,208,238
1470,1472,2,0.1811111111111111,216,239
1473,1474,2,0.195,227,240
1475,1477,3,0.2683333333333333,229,241
1478,1480,2,0.17666666666666667,236,246
1481,1483,3,0.3463888888888889,237,259
1484,1488,3,0.24472222222222223,257,270
1489,1492,4,0.4411111111111111,268,284
1493,1494,2,0.14472222222222222,276,295
1495,1496,2,0.2136111111111111,287,300
1497,1498,2,0.10277777777777777,290,302
1499,1502,4,0.42027777777777775,293,308
1503,1505,3,0.33305555555555555,304,312
1506,1509,3,0.20944444444444443,311,315
1510,1516,5,0.4486111111111111,314,335
1517,1518,2,0.3055555555555556,318,337
1519,1526,4,0.5958333333333333,320,344
1527,1530,4,0.5552777777777778,341,369
1531,1532,2,0.24638888888888888,362,378
1533,1535,3,0.12222222222222222,372,400
1536,1537,2,0.14416666666666667,374,405
1538,1541,4,0.3022222222222222,375,408
1542,1543,2,0.08055555555555556,386,409
1544,1545,2,0.10805555555555556,399,417
1546,1548,2,0.14333333333333334,412,420
1549,1550,2,0.3125,416,423
1551,1553,3,0.35388888888888886,419,432
1554,1557,4,0.4166666666666667,427,447
1558,1559,2,0.13972222222222222,436,460
1560,1561,2,0.2877777777777778,442,471
1562,1563,2,0.19166666666666668,444,473
1564,1569,4,0.4727777777777778,450,486
1570,1572,2,0.20194444444444445,466,487
1573,1574,2,0.06888888888888889,471,493
1575,1577,2,0.14833333333333334,478,506
1578,1580,2,0.11833333333333333,482,507
1581,1583,3,0.28444444444444444,488,511
1584,1585,2,0.17805555555555555,489,512
1586,1587,2,0.1436111111111111,490,514
1588,1589,2,0.11027777777777778,493,520
1590,1593,3,0.3036111111111111,500,523
1594,1595,2,0.10861111111111112,516,524
1596,1601,5,0.415,519,542
1602,1604,3,0.2838888888888889,529,544
1605,1606,2,0.11083333333333334,539,547
1608,1610,3,0.3686111111111111,541,576
1611,1612,2,0.050555555555555555,547,578
1613,1615,2,0.17277777777777778,549,583
1616,1617,2,0.13527777777777777,553,587
1618,1619,2,0.0961111111111111,554,596
1620,1622,2,0.16416666666666666,555,610
1623,1625,3,0.23833333333333334,569,615
1626,1630,5,0.6302777777777778,570,634
1632,1633,2,0.15138888888888888,591,636
1634,1635,2,0.024444444444444446,596,638
1636,1637,2,0.0075,603,640
1638,1639,2,0.13944444444444445,605,644
1640,1641,2,0.1852777777777778,606,650
1642,1644,3,0.30944444444444447,612,655
1645,1648,4,0.3877777777777778,642,670
1649,1654,4,0.4711111111111111,668,687
1655,1657,3,0.22805555555555557,678,699
1658,1661,3,0.16722222222222222,683,707
1662,1665,3,0.29694444444444446,687,718
1666,1668,3,0.2325,689,725
1669,1670,2,0.3338888888888889,690,733
1671,1675,3,0.2972222222222222,710,739
1676,1677,2,0.058055555555555555,712,740
1679,1680,2,0.13555555555555557,730,757
1681,1682,2,0.2791666666666667,733,759
1683,1687,5,0.5327777777777778,734,774
1688,1691,4,0.5291666666666667,765,785
1692,1694,3,0.18722222222222223,767,792
1695,1696,2,0.05527777777777778,775,793
1697,1699,3,0.15305555555555556,782,799
1700,1702,2,0.2727777777777778,785,800
1703,1705,3,0.22527777777777777,789,816
1706,1707,2,0.26666666666666666,799,824
1708,1709,2,0.13694444444444445,804,830
1710,1711,2,0.1938888888888889,805,843
1712,1714,2,0.09472222222222222,814,847
1715,1717,2,0.09583333333333334,816,848
1718,1719,2,0.03,819,849
1721,1724,4,0.43916666666666665,820,857
1725,1726,2,0.10527777777777778,824,858
1727,1729,3,0.24138888888888888,827,862
1730,1731,2,0.21694444444444444,828,868
1732,1733,2,0.25527777777777777,839,869
1734,1737,3,0.28694444444444445,841,875
1738,1739,2,0.2461111111111111,846,879
1740,1741,2,0.2127777777777778,848,882
1742,1744,2,0.059444444444444446,854,891
1745,1746,2,0.07138888888888889,862,904
1747,1748,2,0.15083333333333335,878,911
1749,1751,3,0.21916666666666668,880,930
1753,1755,3,0.20777777777777778,885,946
1756,1757,2,0.0825,898,948
1759,1762,3,0.28305555555555556,904,955
1763,1765,3,0.30083333333333334,916,966
1766,1767,2,0.29777777777777775,917,971
1768,1771,4,0.3244444444444444,923,980
1772,1774,2,0.24222222222222223,927,988
1775,1777,3,0.225,939,989
1778,1779,2,0.18194444444444444,957,996
1781,1782,2,0.20527777777777778,961,997
1783,1784,2,0.08027777777777778,970,1003
1785,1786,2,0.1802777777777778,973,1009
1787,1788,2,0.06388888888888888,981,1011
1789,1791,3,0.17888888888888888,983,1013
1792,1794,3,0.4052777777777778,991,1039
1795,1796,2,0.06583333333333333,1008,1047
1797,1799,3,0.39694444444444443,1017,1054
1800,1803,4,0.5891666666666666,1020,1075
1804,1806,3,0.305,1044,1078
1807,1809,3,0.22361111111111112,1070,1089
1810,1811,2,0.2286111111111111,1080,1093
1812,1813,2,0.1213888888888889,1082,1099
1814,1815,2,0.13083333333333333,1083,1106
1816,1817,2,0.2863888888888889,1105,1112
1818,1819,2,0.03222222222222222,1108,1119
1821,1824,3,0.17305555555555555,1111,1121
1825,1827,2,0.21805555555555556,1115,1125
1828,1829,2,0.30083333333333334,1118,1138
1830,1831,2,0.2288888888888889,1119,1139
1832,1833,2,0.08166666666666667,1120,1141
1834,1837,3,0.2336111111111111,1123,1145
1838,1840,3,0.1802777777777778,1125,1148
1842,1847,6,0.8125,1134,1181
1848,1849,2,0.1111111111111111,1172,1188
1850,1851,2,0.16555555555555557,1173,1195
1852,1853,2,0.06166666666666667,1178,1196
1854,1855,2,0.075,1179,1200
1856,1858,3,0.21861111111111112,1184,1202
1859,1861,3,0.39444444444444443,1195,1215
1862,1865,3,0.3794444444444444,1213,1230
1866,1867,2,0.11916666666666667,1224,1238
1868,1869,2,0.3641666666666667,1234,1247
1870,1874,4,0.4672222222222222,1238,1276
1875,1877,3,0.315,1247,1283
1878,1879,2,0.05527777777777778,1255,1285
1880,1882,3,0.24388888888888888,1256,1293
1883,1884,2,0.25805555555555554,1266,1305
1885,1887,3,0.30027777777777775,1273,1308
1888,1889,2,0.08611111111111111,1278,1312
1890,1891,2,0.020555555555555556,1286,1318
1892,1893,2,0.13833333333333334,1292,1321
1894,1898,5,0.6988888888888889,1303,1338
1899,1902,3,0.37666666666666665,1318,1361
1903,1906,3,0.37472222222222223,1346,1364
1907,1910,3,0.37444444444444447,1359,1403
1911,1915,4,0.3647222222222222,1386,1418
1921,2126,174,48.049166666666665,5,1036
2128,2171,25,9.137777777777778,1,228
2173,2397,163,44.036944444444444,4,956
2398,2415,14,3.28,6,61
2416,2918,344,93.4675,6,1956
2924,3034,82,21.616944444444446,8,470
3037,3711,456,125.93944444444445,3,2615
3713,4301,410,111.68833333333333,3,2236
4307,4546,173,46.55972222222222,4,923
4548,5168,463,124.21555555555555,26,2614
5173,5746,461,125.1438888888889,9,2613
5749,6293,452,122.96805555555555,9,2614
6295,6881,458,125.04277777777777,10,2615
6882,7443,434,119.91,2,2607
7444,8044,453,120.68916666666667,8,2614
8047,8644,436,134.70472222222222,6,2616
8650,9205,431,115.47194444444445,13,2612
9207,9778,442,120.15611111111112,7,2608
9781,10353,463,123.83888888888889,4,2615
10356,11004,498,133.41555555555556,4,2613
11007,11625,453,123.83055555555555,8,2614
11628,11963,248,66.66666666666667,3,1495
11968,12526,428,118.84805555555556,1,2581
12529,13165,458,124.11472222222223,2,2609
13166,13811,445,122.22277777777778,18,2615
13812,14436,429,137.06722222222223,2,2616
14445,15070,460,127.68444444444444,3,2596
15074,15693,478,164.93777777777777,2,2610
15699,16009,244,69.6325,1,1329
16014,16563,461,149.3111111111111,13,2552
16564,17028,300,155.99777777777777,2,1652
17030,17076,34,15.536111111111111,2,189
17079,17145,41,17.09027777777778,3,266
17158,17331,125,52.895833333333336,2,760
17336,17551,149,61.9625,31,773
17553,17656,69,30.158333333333335,3,460
17659,17873,146,64.41416666666667,4,875
17876,18015,85,38.30555555555556,6,440
18033,18120,51,22.9325,1,414
18124,18251,82,36.60888888888889,7,642
18265,18507,155,70.60222222222222,5,1068
18510,19105,400,181.06805555555556,1,2762
19113,19368,170,75.24222222222222,3,1227
19371,19976,443,238.14,8,3272
19978,20004,19,6.9863888888888885,11,108
20008,20342,207,162.34694444444443,1,1548
20442,21133,449,198.4361111111111,1,3270
21134,21308,131,58.132777777777775,2,928
21467,21725,184,111.275,13,2337
21728,21810,56,23.896944444444443,1,593
21812,22157,228,109.68555555555555,18,3022
22164,22457,211,96.18722222222222,8,2745
22464,22525,50,21.59111111111111,11,543
22528,22789,205,92.3625,7,2501
22794,23137,239,115.00027777777778,36,3013
23138,23505,243,143.53305555555556,13,3018
23510,23674,92,42.66444444444444,3,1146
23677,24011,199,88.07222222222222,7,2850
24014,24228,130,61.92138888888889,3,1567
24231,24257,10,11.672777777777778,17,126
24262,25023,262,289.1847222222222,5,3036
25031,25538,132,153.9127777777778,1,1772
25539,25616,22,21.269166666666667,5,260
25622,25716,11,25.145833333333332,10,319
25811,25990,50,61.21722222222222,3,676
25993,26185,75,79.50583333333333,71,1081
26251,26332,35,40.34583333333333,17,422
26342,26593,81,95.90472222222222,10,1390
26605,26728,34,42.52527777777778,20,676
26730,26793,21,22.215555555555557,26,243
26798,27297,138,147.31027777777777,12,2359
27308,27404,35,25.455,107,691
27405,27447,19,12.828333333333333,23,219
27449,28692,461,363.3672222222222,4,6539
28752,29340,156,137.75472222222223,7,2305
29347,29549,57,44.04611111111111,8,744
29552,29661,35,22.911666666666665,19,521
29666,30127,110,87.0875,14,1665
30129,32522,421,346.4325,5,6522
32533,34786,399,334.95222222222225,11,6547
34804,35203,95,71.99388888888889,22,2102
35511,36189,112,102.585,13,2399
36191,37311,168,140.17666666666668,7,3209
37738,39616,255,216.38111111111112,55,6517
39629,41178,201,181.90805555555556,45,6532
41190,42527,158,151.27027777777778,148,6529
42537,43369,126,114.06555555555556,8,6441
43383,43482,13,13.233333333333333,87,1004
43507,44123,91,85.31138888888889,876,6526
44131,44792,90,103.12138888888889,133,6543
44798,44834,7,7.333055555555555,9,574
44838,45306,80,82.76055555555556,59,6461
45310,45897,103,103.9186111111111,15,6381
45941,46677,111,94.37583333333333,364,6346
46684,46771,11,10.046944444444444,4,495
46776,46841,12,9.758333333333333,61,947
46844,47655,109,103.86027777777778,319,6534
47671,47796,18,16.19361111111111,74,1575
47825,48052,24,26.43722222222222,29,1037
48063,48219,19,17.575,34,988
48252,48842,77,85.31583333333333,36,6510
48871,49404,71,75.91888888888889,251,6504
49415,49431,3,2.526666666666667,4,145
49443,49483,6,4.490833333333334,8,610
49797,49958,4,15.953055555555556,14,369
49973,49973,1,0.0,177,177
