line_id,window_start,slope,intercept,members,first,last,rmse
1,0,2.554945116345489,-3543.448063122877,224,1407,1901,7.79662626339848
2,0,4.59300322435828,-3288.1672145559965,166,716,1213,7.552408191680706
3,0,5.2972159271105275,-1474.2132773691817,163,276,612,8.133468639260501
4,0,4.35718147851521,-3026.37070797306,97,702,1295,6.806410566768848
5,0,4.057110728769954,-733.0466892151064,70,185,648,6.848529903259613
6,1000,2.5527070419981874,-3539.787843658392,222,1407,1901,7.688585776287731
7,1000,4.368313053927249,-3035.0523949126846,118,1020,1295,7.945817085282609
8,1000,3.421510646677277,-8023.9315690236745,86,2663,2918,7.400433453064998
9,1000,5.702174269484816,-10985.105914872453,82,1948,2083,6.893627039851878
10,1000,3.3452197404045796,-7265.964528847896,72,2172,2317,6.4858699572383225
11,1000,4.234153054561142,-10237.88940965814,75,2416,2805,7.807616536451918
12,1000,2.5138433681045136,-3503.5262948826844,63,1400,1842,9.137657788484875
13,1000,5.322697470812338,-6892.552714055412,54,1300,1386,6.243183959583046
14,2000,3.743205453509045,-11289.396169947935,172,3081,3711,7.850980875794619
15,2000,3.7501984002875552,-11283.368967085524,103,3206,3681,8.561525536941318
16,2000,3.8336276346859117,-14230.878957541576,100,3713,3998,7.6315112766182205
17,2000,4.2523496501887825,-10286.975688125453,94,2420,2805,8.0404124043421
18,2000,3.3648985862211926,-7310.794823519158,73,2172,2317,6.940447119926795
19,2000,3.41099369268809,-7997.653823839839,66,2663,2918,7.282484667213882
20,2000,4.232022983298327,-12335.36334316048,58,2927,3226,6.342987982199918
21,2000,5.70324189526184,-10986.242634155342,54,2000,2083,6.477059806730587
22,3000,3.761530740169105,-11349.106197740506,175,3076,3711,8.51232999601184
23,3000,3.7937087283348747,-14073.060394491506,163,3713,4301,8.099673454600454
24,3000,3.99659500692425,-18146.08468716592,145,4548,4968,7.001541564193081
25,3000,3.686429107546996,-11052.048857699021,93,3305,3681,7.276514516287347
26,3000,3.9721933004728527,-17158.05714918909,93,4342,4545,7.610454611942789
27,3000,3.788597939013543,-14080.261862545154,79,3722,4258,7.320410108221324
28,3000,3.3625710115757808,-15016.916278468405,60,4800,4997,6.627894989553459
29,3000,4.279869682965776,-16012.199727642661,58,3862,4303,7.274706315297236
30,4000,3.9558617984508304,-17956.27120755827,173,4548,5066,8.087718566914393
31,4000,5.159743127230881,-26936.294279042817,142,5391,5663,7.921525518553727
32,4000,4.062381714556897,-21001.308303038695,121,5172,5432,7.105576309980338
33,4000,3.5705283001579207,-13125.158005249179,90,4045,4301,7.149537900891695
34,4000,3.9814848402924223,-17200.033049344896,91,4342,4545,7.393057877090938
35,4000,3.3259555920135027,-14834.634147576164,81,4800,5023,6.14920556509957
36,4000,5.17048354814671,-29746.691096675117,83,5757,5998,8.488838382113602
37,4000,4.780193916567313,-24842.94092315032,64,5202,5746,7.885605429627091
38,4000,4.226240275915667,-19231.576402367198,62,4597,5168,8.135675531156126
39,4000,3.616826425152944,-13355.79146171381,59,4000,4258,7.490158134120195
40,5000,4.649742886980534,-26637.075803086835,189,5875,6303,7.105430905367742
41,5000,4.391517569849632,-27647.14339312586,141,6295,6723,8.270523700074692
42,5000,5.2320188566572465,-27341.896848134314,140,5407,5663,7.155576326290003
43,5000,4.053434749292871,-20954.660497753444,121,5172,5405,7.038381791236392
44,5000,4.511959426509004,-28393.079108378126,88,6297,6830,8.161555029144708
45,5000,4.64365313014981,-29329.990566790726,77,6470,6881,8.165919449997467
46,5000,5.139267864201076,-23931.684000440397,70,5011,5168,8.583096784595273
47,5000,4.782663310569976,-24856.466178048875,66,5202,5746,8.088419402589665
48,5000,4.921937974002247,-33867.38893250419,65,6882,6997,6.524496822959128
49,5000,4.950764498119648,-28525.30485800913,62,5787,6221,8.069407486159973
50,5000,4.810660979500946,-27612.664182027955,59,5871,6270,7.282553070078677
51,6000,4.188983316497708,-31170.341655492997,185,7445,7925,7.8906607625708105
52,6000,4.56700086844475,-31395.24758660415,173,6901,7443,7.371024269988003
53,6000,4.3782770935030175,-27560.26387433181,143,6295,6723,8.334923524464298
54,6000,4.641325287384333,-26583.46148960544,131,6000,6303,7.14172338555143
55,6000,4.479765531745367,-30811.425400750206,95,6887,7293,8.411279105117778
56,6000,4.47679804277299,-33411.64949597555,90,7578,7998,6.846375248194412
57,6000,4.479968997420875,-28186.24035256965,77,6298,6873,7.611474351275517
58,6000,4.630120020881994,-29239.025606599153,72,6467,6881,8.110281306566971
59,6000,4.635086990201547,-29212.975436544017,51,6330,6818,6.1246901539209615
60,7000,4.175689357603238,-31070.335447515645,179,7445,7922,7.681825614577912
61,7000,4.697116120724221,-40632.42688190852,127,8652,8998,7.309503770830484
62,7000,4.658645957439214,-32069.53600318431,123,7058,7443,8.041576661603218
63,7000,4.560925917857527,-36800.84378844504,120,8293,8643,8.111771964006419
64,7000,4.487363666613727,-33493.61614357118,116,7578,8043,7.139287388676535
65,7000,4.251314514979901,-29160.420886353553,96,7002,7286,6.0890314086619615
66,7000,4.336575201054157,-34837.88951215305,94,8057,8622,6.413382843992693
67,7000,4.640917590538919,-40165.8851527642,76,8732,8906,7.4928846703903345
68,7000,4.373314925923769,-35194.79124051303,65,8047,8616,8.931581502849525
69,8000,4.783883295579679,-41395.73112105948,174,8655,9200,8.61108249389629
70,8000,4.530687578046134,-41682.09582985128,147,9222,9778,7.286054632788636
71,8000,4.797016298883215,-41544.98495983098,127,8751,9205,8.042944578996009
72,8000,4.433209246591392,-35702.90181122019,111,8257,8643,6.641553835482274
73,8000,4.335245278232795,-34826.03966805819,93,8058,8622,6.263815748551236
74,8000,4.195838377567567,-38508.76820303366,88,9378,9738,7.457966056130506
75,8000,4.511242491061232,-36388.73343189344,63,8293,8478,6.242411566406579
76,8000,3.297267147205688,-32112.3274322896,67,9832,9997,8.561708276105573
77,8000,3.8998593135339235,-35679.406615016334,57,9432,9710,6.004413896722119
78,9000,3.8870962380191636,-40167.55911316927,194,10411,10978,7.8531236995925155
79,9000,4.531831980832236,-41692.80114855655,148,9222,9778,7.368028923274495
80,9000,4.599244315056711,-44988.34181853104,150,9781,10353,7.8742522564817765
81,9000,4.9240786601750175,-48364.42112302924,103,9980,10335,7.800800634077772
82,9000,5.160884124327643,-44837.95471295873,97,9013,9192,6.770446289977714
83,9000,3.78928651288609,-39217.03669016344,83,10368,10740,7.162328755930809
84,9000,4.193926866105221,-38489.84896872595,88,9380,9738,7.471441064572068
85,9000,3.8840376657324214,-40161.98952089512,57,10398,10997,7.703850854485428
86,9000,3.894950315129301,-35631.82963227,58,9433,9710,6.299556833289149
87,10000,4.613032973942915,-50941.132004326435,201,11188,11598,7.907801440904084
88,10000,3.893181342241956,-40233.8106319108,193,10411,11003,7.78048733375184
89,10000,4.996318171819816,-49091.65198861707,117,10000,10350,7.691593056388405
90,10000,4.808428062371763,-56017.08631317725,95,11718,11963,8.236214214351921
91,10000,3.783891607285993,-39161.80467379646,80,10368,10740,6.568964329912658
92,10000,3.9814388864033177,-43810.59972993294,80,11007,11313,7.119232422192873
93,10000,4.538899409137481,-44365.979942952086,75,10187,10998,7.510625987281744
94,10000,3.890851116455882,-40235.487888371674,59,10397,11466,7.792377781810189
95,10000,4.003132751967563,-46542.91032251184,58,11628,11827,5.794664784350568
96,11000,4.610719257622082,-50913.29468943447,203,11188,11597,8.043637442577369
97,11000,4.001827381449615,-50100.941057375625,147,12605,12998,6.958905793792351
98,11000,4.233698626184599,-50596.16987069391,123,11986,12318,8.356956077127595
99,11000,4.886794145810146,-56944.09817475091,92,11731,11940,8.203703211441347
100,11000,3.95635763679737,-43532.02964214439,84,11007,11313,7.533711278794202
101,11000,4.9276887259795465,-59114.18296764417,76,12207,12521,7.5254873602575305
102,11000,4.6967138211178545,-56162.069872867614,60,12063,12446,6.122579230069378
103,11000,3.9989819438302487,-46493.73333282281,59,11628,11827,6.113139777697503
104,11000,4.282423995112914,-53664.49511642823,63,12530,12878,8.133811318265728
105,12000,4.062172160330997,-50867.24107890787,195,12600,13165,7.652039015022178
106,12000,3.4390284289051,-45038.797378444324,152,13102,13766,6.93220760737227
107,12000,3.929333067152097,-46894.13644019793,108,12063,12286,7.223094449631804
108,12000,4.0922831313727315,-51281.60366278247,103,12530,13083,7.303636657642503
109,12000,4.172991338748584,-54927.94173286852,105,13166,13520,7.182236678231852
110,12000,5.0107435319862805,-60151.29575600087,76,12010,12518,7.878579688055396
111,12000,4.722803214938289,-56485.488648886014,64,12011,12446,5.260887920358854
112,12000,4.05529064321745,-50754.11473889514,56,12608,13142,6.960281124741788
113,12000,4.053404285025779,-55978.710309913746,54,13812,13980,7.532617114395576
114,13000,4.5813088717873,-66374.87007048205,168,14492,14998,7.724254775224082
115,13000,4.237803730383115,-58536.77504120414,161,13812,14426,8.230353853683669
116,13000,3.4390284289051,-45038.797378444324,152,13102,13766,6.93220760737227
117,13000,4.425826861444612,-61206.50922091852,97,13831,14383,6.9565930138226895
118,13000,4.168138236812055,-54863.873873343524,105,13166,13521,7.185240919297804
119,13000,4.289082669204152,-53839.72284365092,79,13000,13163,7.430554301948696
120,13000,4.381183912378173,-63432.39744574568,76,14496,14887,5.918131088152163
121,14000,4.396042589916795,-63651.633936389095,182,14496,15070,6.9300492558056535
122,14000,4.5282331450139575,-68398.86932939546,158,15255,15660,7.732291168326797
123,14000,4.173201371689571,-65522.871796267806,135,15702,15993,7.239029036292537
124,14000,4.2933505070177524,-59332.06560983274,125,14006,14423,8.748297610822203
125,14000,4.6152450869766675,-66880.54830794012,95,14617,15001,7.827563877507944
126,14000,3.933275600314687,-59287.607488040216,90,15075,15436,8.614798305035732
127,14000,4.215242665172601,-58188.84904390553,66,14145,14383,7.164114841728666
128,14000,4.183790370395011,-63045.02253879973,59,15095,15693,7.1036528203909794
129,15000,5.031328754809182,-80729.9700063034,154,16182,16513,7.346143525180583
130,15000,4.521651964214879,-68297.69985676298,159,15255,15660,7.794324122557584
131,15000,3.411614379037044,-56474.34137994844,146,16570,16985,8.000346349074126
132,15000,4.169048099438758,-65457.45909412735,135,15702,15993,7.200861075604361
133,15000,4.498877950584735,-72037.15624522607,100,16012,16416,7.500832690792383
134,15000,3.933275600314687,-59287.607488040216,90,15075,15436,8.614798305035732
135,15000,4.18400344626774,-63047.18061775718,56,15095,15693,6.677208251066313
136,15000,3.3988110465168275,-56233.095556661334,52,16585,16997,6.768656924355696
137,16000,5.002104775624825,-80254.40486738345,163,16182,16541,8.262887878144355
138,16000,3.4356585657751797,-56877.58978479319,156,16570,17022,7.866051712617269
139,16000,4.496284685632536,-71995.51316449605,98,16012,16416,7.347453525172894
140,16000,3.7424478969254285,-66032.31664685831,89,17696,17867,7.758535500333133
141,16000,2.923797093476632,-50538.53941462573,68,17397,17551,7.288677440197652
142,16000,3.837622278527665,-65800.50717344799,69,17172,17503,6.857447213689011
143,16000,3.417019533484898,-56539.226232766494,58,16582,17028,7.755516971247932
144,17000,3.839330389888141,-67759.02240272376,94,17666,17873,8.23295228034597
145,17000,4.4211878144638455,-80713.52620383781,86,18270,18498,7.691768772166242
146,17000,4.549446862681542,-84197.5941105522,89,18510,18995,8.274702237221428
147,17000,2.891077087616085,-49965.595133029376,68,17398,17551,7.1618514455917595
148,17000,4.521882747083805,-83715.8315615115,76,18557,18980,7.710678158385733
149,17000,3.847238449127567,-65965.87944385418,69,17172,17503,6.856693912006346
150,17000,0.16433420552953426,-2777.0420527466813,52,17031,18833,8.02510891478859
151,18000,4.646433325335777,-86006.30664526102,115,18510,19105,7.613428359454501
152,18000,5.603652974536305,-108651.79761260615,128,19443,19976,8.020380276384262
153,18000,5.663796375183376,-109788.33232669518,93,19430,19920,8.934182645748475
154,18000,4.414323217482341,-80584.40845157069,87,18271,18498,7.6335721113030335
155,18000,4.526061012835128,-83791.74165522495,83,18557,19006,8.166473792007963
156,18000,4.760030972146602,-90977.06681762784,84,19113,19368,8.301554633549886
157,18000,4.461473751364689,-82540.43338724547,56,18523,19010,7.859235089931193
158,18000,5.560679160119698,-107713.92831417911,54,19371,19882,6.837458579694453
159,19000,5.6116293614990775,-108806.3374942094,123,19443,19970,7.546978697590715
160,19000,4.203060044120056,-85756.05152254096,96,20423,20993,7.562119172599406
161,19000,4.5891287428582,-91719.18223474863,100,20007,20323,7.702629426132283
162,19000,5.663796375183376,-109788.33232669518,93,19430,19920,8.934182645748475
163,19000,4.8307109183963135,-98753.36284703501,84,20442,20837,8.249407306705494
164,19000,4.7649156257124865,-91072.73305066318,78,19113,19368,7.3278429668377045
165,19000,5.560679160119698,-107713.92831417911,54,19371,19882,6.837458579694453
166,19000,4.897583255435613,-90795.0993978057,51,19011,19105,7.480129211700711
167,20000,4.229191041743868,-86297.3516674866,116,20423,21028,8.052150944288964
168,20000,4.5891287428582,-91719.18223474863,100,20007,20323,7.702629426132283
169,20000,4.788096178440469,-97879.08812501866,85,20442,20867,8.246581231883983
170,20000,5.223826750916266,-110404.5055575955,82,21135,21297,7.396394171277236
171,20000,4.2924947083762195,-87580.90517444468,63,20621,21083,6.4663077020175255
172,21000,5.212221032295918,-110158.96403189185,79,21135,21295,6.925521772258483
173,21000,9.645703260058893,-217285.4329781896,68,22527,22786,7.884990735197907
174,22000,9.645703260058893,-217285.4329781896,68,22527,22786,7.884990735197907
175,23000,3.897316833245705,-94665.69687628426,63,24287,24878,7.416272166893871
176,23000,8.889811476594144,-205731.32435233227,53,23160,23411,7.9309000012135895
177,24000,3.908596886742124,-94943.50598991638,63,24331,24896,7.412044610135981
178,26000,5.115212764985425,-140300.58714652125,65,27433,27997,8.101793560110941
179,27000,5.137102715710994,-140906.00321681116,101,27433,28648,8.357868124049167
180,27000,5.137228599889275,-140936.31171420147,63,27525,28631,7.287834425302023
181,27000,5.181344950202161,-142111.49254569886,54,27592,28692,7.9216773045656
182,28000,4.4495210479650416,-121556.86403821825,52,28036,28298,7.99964554572414
183,30000,1.0012101522529981,-30139.408679846038,63,30122,31995,7.394559057305461
184,30000,2.506970639006744,-75730.34430435853,58,30226,31441,7.345659995025594
185,31000,2.9092528507691955,-88316.70966440316,72,31118,32387,8.106113572517495
186,31000,0.9992120482111777,-30075.026588331086,57,31053,32946,6.021005737527542
187,32000,2.7619755461822324,-89817.2282633595,57,32540,33922,7.507418081178312
188,32000,2.8607062108832357,-93195.16307881006,51,32582,33995,8.32780997297426
189,33000,2.932996408861185,-95618.90600228071,68,33000,34732,9.290034263938573
