height,en,left_anchor,left_en,right_anchor,right_en,scaled_residual,intervening_decreases,literature_patoshi,literature_tier,disposition
1768,923,1767,971,1770,975,12.387387387387378,1,1,medium,interpolation crosses counter decrease; unsupported for exclusion
1756,898,1755,946,1757,948,12.380530973451329,1,1,medium,interpolation crosses counter decrease; unsupported for exclusion
1769,925,1767,971,1770,975,12.341698841698843,1,1,medium,interpolation crosses counter decrease; unsupported for exclusion
1632,591,1630,634,1635,638,11.083333333333343,2,1,medium,interpolation crosses counter decrease; unsupported for exclusion
1766,917,1765,966,1767,971,10.084856571047363,1,1,medium,interpolation crosses counter decrease; unsupported for exclusion
1759,904,1757,948,1760,953,9.70779547359598,1,1,medium,interpolation crosses counter decrease; unsupported for exclusion
1460,222,1457,182,1461,184,9.68261562998405,2,1,medium,interpolation crosses counter decrease; unsupported for exclusion
1637,640,1636,603,1640,606,9.240402843601885,2,1,high,interpolation crosses counter decrease; unsupported for exclusion
1636,603,1635,638,1637,640,9.24032258064517,1,1,high,interpolation crosses counter decrease; unsupported for exclusion
1729,862,1727,827,1730,828,8.534900990099004,1,1,high,interpolation crosses counter decrease; unsupported for exclusion
1799,1054,1797,1017,1800,1020,8.523389830508478,1,1,high,interpolation crosses counter decrease; unsupported for exclusion
1623,569,1622,610,1625,615,8.47959697732997,1,1,high,interpolation crosses counter decrease; unsupported for exclusion
1724,857,1722,822,1725,824,8.430679062247378,1,1,high,interpolation crosses counter decrease; unsupported for exclusion
1728,861,1727,827,1730,828,8.38688118811882,1,1,high,interpolation crosses counter decrease; unsupported for exclusion
1617,587,1616,553,1620,555,8.373506493506483,2,1,high,interpolation crosses counter decrease; unsupported for exclusion
1726,858,1725,824,1727,827,8.174398625429546,1,1,high,interpolation crosses counter decrease; unsupported for exclusion
1616,553,1615,583,1617,587,8.068644818423394,1,1,high,interpolation crosses counter decrease; unsupported for exclusion
1717,848,1715,816,1721,820,7.822348094747696,2,1,high,interpolation crosses counter decrease; unsupported for exclusion
1714,847,1712,814,1715,816,7.795333333333332,1,1,high,interpolation crosses counter decrease; unsupported for exclusion
1798,1049,1797,1017,1800,1020,7.770677966101687,1,1,high,interpolation crosses counter decrease; unsupported for exclusion
1466,196,1465,230,1467,235,7.54505928853755,1,1,high,interpolation crosses counter decrease; unsupported for exclusion
1611,547,1610,576,1612,578,7.495810055865917,1,1,high,interpolation crosses counter decrease; unsupported for exclusion
1788,1011,1787,981,1790,984,7.38591269841271,1,1,high,interpolation crosses counter decrease; unsupported for exclusion
1665,718,1662,687,1666,689,7.323423782920997,1,1,high,interpolation crosses counter decrease; unsupported for exclusion
1610,576,1606,547,1611,547,7.25,2,1,high,interpolation crosses counter decrease; unsupported for exclusion
1723,851,1722,822,1725,824,7.134397736459164,1,1,high,interpolation crosses counter decrease; unsupported for exclusion
1561,471,1560,442,1562,444,6.906498673740046,1,1,medium,interpolation crosses counter decrease; unsupported for exclusion
1676,712,1675,739,1677,740,6.895916334661365,1,1,high,interpolation crosses counter decrease; unsupported for exclusion
1675,739,1672,711,1676,712,6.832768361581913,1,1,high,interpolation crosses counter decrease; unsupported for exclusion
1540,381,1537,405,1541,408,6.696933962264154,1,1,high,interpolation crosses counter decrease; unsupported for exclusion
1641,650,1640,606,1642,612,6.366666666666674,1,1,high,interpolation crosses counter decrease; unsupported for exclusion
1613,549,1612,578,1615,583,6.223005565862718,1,1,high,interpolation crosses counter decrease; unsupported for exclusion
1578,482,1577,506,1580,507,6.168139892390471,1,1,high,interpolation crosses counter decrease; unsupported for exclusion
1681,733,1680,757,1682,759,6.041932543299907,1,1,high,interpolation crosses counter decrease; unsupported for exclusion
1586,490,1585,512,1587,514,5.793695131683961,1,1,high,interpolation crosses counter decrease; unsupported for exclusion
46776,61,46771,495,46781,575,5.781213017751479,1,0,,interpolation crosses counter decrease; unsupported for exclusion
1536,374,1535,400,1537,405,5.643133047210301,1,1,high,interpolation crosses counter decrease; unsupported for exclusion
1470,216,1467,235,1472,239,5.438187470109995,2,1,high,interpolation crosses counter decrease; unsupported for exclusion
1584,489,1582,509,1585,512,5.405376344086022,1,1,high,interpolation crosses counter decrease; unsupported for exclusion
1838,1125,1837,1145,1840,1148,5.3795662100456525,1,1,high,interpolation crosses counter decrease; unsupported for exclusion
1541,408,1540,381,1542,386,5.28621997471555,1,1,high,interpolation crosses counter decrease; unsupported for exclusion
1666,689,1665,718,1667,724,5.23861967694567,1,1,high,interpolation crosses counter decrease; unsupported for exclusion
1891,1318,1890,1286,1892,1292,5.232653061224482,1,1,medium,interpolation crosses counter decrease; unsupported for exclusion
1741,882,1740,848,1742,854,5.164041994750657,1,1,high,interpolation crosses counter decrease; unsupported for exclusion
1581,488,1580,507,1582,509,5.1200142450142465,1,1,high,interpolation crosses counter decrease; unsupported for exclusion
1874,1276,1872,1241,1875,1247,5.037506209637361,1,1,medium,interpolation crosses counter decrease; unsupported for exclusion
1832,1120,1831,1139,1835,1142,4.950943396226421,2,1,high,interpolation crosses counter decrease; unsupported for exclusion
1732,839,1731,868,1736,874,4.906563207242168,2,1,medium,interpolation crosses counter decrease; unsupported for exclusion
1831,1139,1830,1119,1832,1120,4.844057532172599,1,1,high,interpolation crosses counter decrease; unsupported for exclusion
1839,1129,1837,1145,1840,1148,4.576484018264864,1,1,high,interpolation crosses counter decrease; unsupported for exclusion
