height,en,left_anchor,left_en,right_anchor,right_en,scaled_residual,intervening_decreases,literature_patoshi,literature_tier,disposition,slope_pass,slope_line_id,slope_residual,slope_left_support,slope_right_support,slope_support_members,adjudication
1768,923,1767,971,1770,975,12.387387387387378,1,1,medium,interpolation crosses counter decrease; unsupported for exclusion,False,12,-17.94877992609554,1763,1778,63,"unresolved; no supported track under fixed model, insufficient evidence for exclusion"
1756,898,1755,946,1757,948,12.380530973451329,1,1,medium,interpolation crosses counter decrease; unsupported for exclusion,True,12,-12.782659508841334,1747,1763,63,separately fitted counter track supports retention as a candidate; interpolation flag alone rejected
1769,925,1767,971,1770,975,12.341698841698843,1,1,medium,interpolation crosses counter decrease; unsupported for exclusion,False,12,-18.46262329420051,1763,1778,63,"unresolved; no supported track under fixed model, insufficient evidence for exclusion"
1632,591,1630,634,1635,638,11.083333333333343,2,1,medium,interpolation crosses counter decrease; unsupported for exclusion,True,12,-8.066081863882118,1628,1638,63,separately fitted counter track supports retention as a candidate; interpolation flag alone rejected
1766,917,1765,966,1767,971,10.084856571047363,1,1,medium,interpolation crosses counter decrease; unsupported for exclusion,False,12,-18.921093189886506,1763,1778,63,"unresolved; no supported track under fixed model, insufficient evidence for exclusion"
1759,904,1757,948,1760,953,9.70779547359598,1,1,medium,interpolation crosses counter decrease; unsupported for exclusion,True,12,-14.32418961315534,1747,1763,63,separately fitted counter track supports retention as a candidate; interpolation flag alone rejected
1460,222,1457,182,1461,184,9.68261562998405,2,1,medium,interpolation crosses counter decrease; unsupported for exclusion,False,6,34.83556234103844,1458,1461,222,"unresolved; no supported track under fixed model, insufficient evidence for exclusion"
1637,640,1636,603,1640,606,9.240402843601885,2,1,high,interpolation crosses counter decrease; unsupported for exclusion,True,1,1.0029076653117954,1635,1646,224,separately fitted counter track supports retention as a candidate; interpolation flag alone rejected
1636,603,1635,638,1637,640,9.24032258064517,1,1,high,interpolation crosses counter decrease; unsupported for exclusion,True,12,-6.121455336300187,1628,1638,63,separately fitted counter track supports retention as a candidate; interpolation flag alone rejected
1729,862,1727,827,1730,828,8.534900990099004,1,1,high,interpolation crosses counter decrease; unsupported for exclusion,True,6,-11.842631956473724,1707,1731,222,separately fitted counter track supports retention as a candidate; interpolation flag alone rejected
1799,1054,1797,1017,1800,1020,8.523389830508478,1,1,high,interpolation crosses counter decrease; unsupported for exclusion,True,1,1.1017988173425692,1796,1802,224,separately fitted counter track supports retention as a candidate; interpolation flag alone rejected
1623,569,1622,610,1625,615,8.47959697732997,1,1,high,interpolation crosses counter decrease; unsupported for exclusion,True,12,-7.441491550941009,1620,1626,63,separately fitted counter track supports retention as a candidate; interpolation flag alone rejected
1724,857,1722,822,1725,824,8.430679062247378,1,1,high,interpolation crosses counter decrease; unsupported for exclusion,True,6,-4.079096746483174,1707,1731,222,separately fitted counter track supports retention as a candidate; interpolation flag alone rejected
1728,861,1727,827,1730,828,8.38688118811882,1,1,high,interpolation crosses counter decrease; unsupported for exclusion,True,6,-10.28992491447616,1707,1731,222,separately fitted counter track supports retention as a candidate; interpolation flag alone rejected
1617,587,1616,553,1620,555,8.373506493506483,2,1,high,interpolation crosses counter decrease; unsupported for exclusion,True,1,-0.8981900077778846,1615,1622,224,separately fitted counter track supports retention as a candidate; interpolation flag alone rejected
1726,858,1725,824,1727,827,8.174398625429546,1,1,high,interpolation crosses counter decrease; unsupported for exclusion,True,6,-8.184510830479212,1707,1731,222,separately fitted counter track supports retention as a candidate; interpolation flag alone rejected
1616,553,1615,583,1617,587,8.068644818423394,1,1,high,interpolation crosses counter decrease; unsupported for exclusion,True,12,-5.844587974209389,1608,1618,63,separately fitted counter track supports retention as a candidate; interpolation flag alone rejected
1717,848,1715,816,1721,820,7.822348094747696,2,1,high,interpolation crosses counter decrease; unsupported for exclusion,True,1,4.607298357673244,1711,1731,224,separately fitted counter track supports retention as a candidate; interpolation flag alone rejected
1714,847,1712,814,1715,816,7.795333333333332,1,1,high,interpolation crosses counter decrease; unsupported for exclusion,True,1,11.27213370670961,1711,1731,224,separately fitted counter track supports retention as a candidate; interpolation flag alone rejected
1798,1049,1797,1017,1800,1020,7.770677966101687,1,1,high,interpolation crosses counter decrease; unsupported for exclusion,True,6,-0.9794178543493217,1796,1802,222,separately fitted counter track supports retention as a candidate; interpolation flag alone rejected
1466,196,1465,230,1467,235,7.54505928853755,1,1,high,interpolation crosses counter decrease; unsupported for exclusion,True,1,-6.101477439609425,1462,1468,224,separately fitted counter track supports retention as a candidate; interpolation flag alone rejected
1611,547,1610,576,1612,578,7.495810055865917,1,1,high,interpolation crosses counter decrease; unsupported for exclusion,True,12,0.7246288663131963,1608,1618,63,separately fitted counter track supports retention as a candidate; interpolation flag alone rejected
1788,1011,1787,981,1790,984,7.38591269841271,1,1,high,interpolation crosses counter decrease; unsupported for exclusion,True,6,-13.452347434367312,1786,1793,222,separately fitted counter track supports retention as a candidate; interpolation flag alone rejected
1665,718,1662,687,1666,689,7.323423782920997,1,1,high,interpolation crosses counter decrease; unsupported for exclusion,True,1,7.464444407638439,1663,1667,224,separately fitted counter track supports retention as a candidate; interpolation flag alone rejected
1610,576,1606,547,1611,547,7.25,2,1,high,interpolation crosses counter decrease; unsupported for exclusion,True,6,5.9295060413101055,1606,1612,222,separately fitted counter track supports retention as a candidate; interpolation flag alone rejected
1723,851,1722,822,1725,824,7.134397736459164,1,1,high,interpolation crosses counter decrease; unsupported for exclusion,True,6,-7.5263897044847,1707,1731,222,separately fitted counter track supports retention as a candidate; interpolation flag alone rejected
1561,471,1560,442,1562,444,6.906498673740046,1,1,medium,interpolation crosses counter decrease; unsupported for exclusion,False,6,26.012151099221228,1560,1562,222,"unresolved; no supported track under fixed model, insufficient evidence for exclusion"
1676,712,1675,739,1677,740,6.895916334661365,1,1,high,interpolation crosses counter decrease; unsupported for exclusion,True,12,2.324809939520037,1672,1683,63,separately fitted counter track supports retention as a candidate; interpolation flag alone rejected
1675,739,1672,711,1676,712,6.832768361581913,1,1,high,interpolation crosses counter decrease; unsupported for exclusion,True,1,2.914993244183279,1670,1677,224,separately fitted counter track supports retention as a candidate; interpolation flag alone rejected
1540,381,1537,405,1541,408,6.696933962264154,1,1,high,interpolation crosses counter decrease; unsupported for exclusion,True,1,-10.1674160491757,1538,1542,224,separately fitted counter track supports retention as a candidate; interpolation flag alone rejected
1641,650,1640,606,1642,612,6.366666666666674,1,1,high,interpolation crosses counter decrease; unsupported for exclusion,True,1,0.7831271999302771,1635,1646,224,separately fitted counter track supports retention as a candidate; interpolation flag alone rejected
1613,549,1612,578,1615,583,6.223005565862718,1,1,high,interpolation crosses counter decrease; unsupported for exclusion,True,12,-2.303057869895838,1608,1618,63,separately fitted counter track supports retention as a candidate; interpolation flag alone rejected
1578,482,1577,506,1580,507,6.168139892390471,1,1,high,interpolation crosses counter decrease; unsupported for exclusion,True,1,-6.255330470304216,1575,1580,224,separately fitted counter track supports retention as a candidate; interpolation flag alone rejected
1681,733,1680,757,1682,759,6.041932543299907,1,1,high,interpolation crosses counter decrease; unsupported for exclusion,True,12,10.755593098996997,1672,1683,63,separately fitted counter track supports retention as a candidate; interpolation flag alone rejected
1586,490,1585,512,1587,514,5.793695131683961,1,1,high,interpolation crosses counter decrease; unsupported for exclusion,True,12,6.57071306892567,1527,1588,63,separately fitted counter track supports retention as a candidate; interpolation flag alone rejected
46776,61,46771,495,46781,575,5.781213017751479,1,0,,interpolation crosses counter decrease; unsupported for exclusion,False,,,,,0,"unresolved; no supported track under fixed model, insufficient evidence for exclusion"
1536,374,1535,400,1537,405,5.643133047210301,1,1,high,interpolation crosses counter decrease; unsupported for exclusion,True,1,-6.947635583793726,1533,1538,224,separately fitted counter track supports retention as a candidate; interpolation flag alone rejected
1470,216,1467,235,1472,239,5.438187470109995,2,1,high,interpolation crosses counter decrease; unsupported for exclusion,True,6,3.3084919210564294,1468,1473,222,separately fitted counter track supports retention as a candidate; interpolation flag alone rejected
1584,489,1582,509,1585,512,5.405376344086022,1,1,high,interpolation crosses counter decrease; unsupported for exclusion,True,12,10.598399805134704,1527,1588,63,separately fitted counter track supports retention as a candidate; interpolation flag alone rejected
1838,1125,1837,1145,1840,1148,5.3795662100456525,1,1,high,interpolation crosses counter decrease; unsupported for exclusion,True,12,8.08218430658826,1801,1842,63,separately fitted counter track supports retention as a candidate; interpolation flag alone rejected
1541,408,1540,381,1542,386,5.28621997471555,1,1,high,interpolation crosses counter decrease; unsupported for exclusion,True,6,14.066291939185248,1538,1542,222,separately fitted counter track supports retention as a candidate; interpolation flag alone rejected
1666,689,1665,718,1667,724,5.23861967694567,1,1,high,interpolation crosses counter decrease; unsupported for exclusion,True,12,4.463243620565208,1662,1671,63,separately fitted counter track supports retention as a candidate; interpolation flag alone rejected
1891,1318,1890,1286,1892,1292,5.232653061224482,1,1,medium,interpolation crosses counter decrease; unsupported for exclusion,False,1,30.046848113557644,1890,1892,224,"unresolved; no supported track under fixed model, insufficient evidence for exclusion"
1741,882,1740,848,1742,854,5.164041994750657,1,1,high,interpolation crosses counter decrease; unsupported for exclusion,True,12,8.924991012725968,1737,1747,63,separately fitted counter track supports retention as a candidate; interpolation flag alone rejected
1581,488,1580,507,1582,509,5.1200142450142465,1,1,high,interpolation crosses counter decrease; unsupported for exclusion,True,1,-7.920165819340582,1580,1582,224,separately fitted counter track supports retention as a candidate; interpolation flag alone rejected
1874,1276,1872,1241,1875,1247,5.037506209637361,1,1,medium,interpolation crosses counter decrease; unsupported for exclusion,False,1,31.48091509143069,1872,1875,224,"unresolved; no supported track under fixed model, insufficient evidence for exclusion"
1832,1120,1831,1139,1835,1142,4.950943396226421,2,1,high,interpolation crosses counter decrease; unsupported for exclusion,False,6,-16.77145728228743,1830,1833,222,"unresolved; no supported track under fixed model, insufficient evidence for exclusion"
1732,839,1731,868,1736,874,4.906563207242168,2,1,medium,interpolation crosses counter decrease; unsupported for exclusion,True,12,-11.450418674332923,1727,1736,63,separately fitted counter track supports retention as a candidate; interpolation flag alone rejected
1831,1139,1830,1119,1832,1120,4.844057532172599,1,1,high,interpolation crosses counter decrease; unsupported for exclusion,True,1,4.343555094286785,1830,1833,224,separately fitted counter track supports retention as a candidate; interpolation flag alone rejected
1839,1129,1837,1145,1840,1148,4.576484018264864,1,1,high,interpolation crosses counter decrease; unsupported for exclusion,True,12,9.568340938484198,1801,1842,63,separately fitted counter track supports retention as a candidate; interpolation flag alone rejected
