parent_txid,parent_vout,spending_txid,spending_vin,spending_height,spending_time
f4184fc596403b9d638783cf57adfe4c75c605f6356fbc91338530e9831e9e16,1,a16f3ce4dd5deb92d98ef5cf8afeaf0775ebca408f708b2146c4fb42b41e14be,0,181,2009-01-12 06:02:13+00
d71fd2f64c0b34465b7518d240c00e83f6a5b10138a7079d1252858fe7e6b577,0,35288d269cee1941eaebb2ea85e32b42cdb2b04284a56d8b14dcc3f5c65d6055,0,545,2009-01-15 05:48:32+00
4b96658d39f7fd4241442e6dc9877c8ee0fe0d82477e6014e1681d1efe052c8d,0,66ac54c1a3196e839c32c7700fbd91ee37b1ed4a53332e491bf5ddcd3901d0b1,0,2915,2009-02-03 23:04:52+00
c2a9e7f555f9dbfa76b0d5fb1d007ce2c687e7875f6033c38caf7e28925b6eb5,0,fde23d2345000bca2b5a07fd66848eb3f78e2a13fd3a53d54a2049845e0499a8,12,54626,2010-05-05 21:13:26+00
499d0f5d452891ebe18a8c23cc0a554459a0ba3341ef021f3fae15926a977ffd,0,56e3e33cfa002b1f681767396d9886fe95d300aca4497c70dad85f1e70761990,0,56340,2010-05-18 21:20:16+00
028ad2c836163295e4723a49dd418ee8fb55a14613b1186675f01124b60fb763,0,c7d4fd1b42881d8968949ece19085f432b7bc5b68ed2d3c6723b349fb87f055f,0,65541,2010-07-11 22:33:11+00
66829539576d0b3b9180aa882622675760c23e5ba7f862dcb38dba034993636d,0,b9d69463c500b81dc2ff600d0b528b15fb816c4dab11e424151de0bcbea7f26f,823,70527,2010-07-26 20:54:34+00
f4184fc596403b9d638783cf57adfe4c75c605f6356fbc91338530e9831e9e16,0,ea44e97271691990157559d0bdd9959e02790c34db6c006d779e82fa5aee708e,0,92240,2010-11-16 20:39:27+00
29591d211054478ed22c93571955cb92ef4ec2b40d914a43ba3a91d52a171c61,0,d5326bd42b55a2c1de6c3a84eb102b62c8bcb4794c6d0f4196c6bf842b0ef917,0,128253,2011-06-03 00:49:53+00
29591d211054478ed22c93571955cb92ef4ec2b40d914a43ba3a91d52a171c61,1,daf4e50181b6036fbfca85639db911a6cb557c535597030708f00d86a8678de2,0,128386,2011-06-03 16:32:44+00
7d73200eac9b66ea105fe63378c69f5d68663f925297117ed178deaddb6fc3d5,0,af0e5a6961f3a7caab90cfb9299e17180177d8585af1c7e0c860e45c803b78b7,1,131823,2011-06-19 11:07:39+00
8abde2a358ca9594df1bcef520b68aed9655aee50aae01adb50667c71bb24d4e,1,ecf273809c6e9db6b8ae945d99fe9da6174b043e76de42b9b07440ebaf7d76f8,1,271120,2013-11-23 16:40:46+00
d6e8d9348ebdc3d98fd6f1b34f5628813901a8594e655942378489e17f1dca68,0,098189234e33754adbe6ad36adfc555d047c5e0c313e0e0544035a747752e746,0,415966,2016-06-12 13:17:00+00
8abde2a358ca9594df1bcef520b68aed9655aee50aae01adb50667c71bb24d4e,0,829b66ed4450932cdadd3a4e8627077d3735c479c94172e08aafa33fa4f2b85b,0,443762,2016-12-16 22:40:43+00
3d9ffe4f847738863f14d7811484cce02b192c41702f2d27c974ec90d6902c9a,0,5263712880588a2a1a949fbaa1813e7181827b0ca9db92d5eeb821a5503fac0f,0,445553,2016-12-28 20:47:42+00
4dcc0f56c1bec15e29c3efdaf562cf6a2893e2b819112e9ea4e92d6b256a79db,1,63ad83530a16352996925ab8d822a000e275b185697c5be1a30db5dd16468610,0,446634,2017-01-04 20:16:33+00
4dcc0f56c1bec15e29c3efdaf562cf6a2893e2b819112e9ea4e92d6b256a79db,0,ea8c8427873b263401f3a0384bfe85b9e785caddf5ea2b36cefd1de6d625f72b,0,448496,2017-01-16 15:44:38+00
d95a53ceb013656da033cfd490548d2c2c30b651127f4b0c4633fe83b4a1bccc,0,5c3e6ab0e028a6adba93121036862fd4f8d3030f1ec15fcce31cb56e641d4e07,8,467901,2017-05-24 13:03:34+00
d95a53ceb013656da033cfd490548d2c2c30b651127f4b0c4633fe83b4a1bccc,1,2eed2ef8d5270f201799a20e853ea0e109e70df756d0bef69eecf805ec29ffbe,0,468031,2017-05-25 08:26:03+00
3e60741b3b2a0cd50afb62702e9be55cbf40831fb42f2e36e361c7f84b6fd7d7,0,bc739269bb4d0c7d59d2a9a4d7fedad6ce79ff589d54f1378ce81b831bf44d66,12,480184,2017-08-12 07:54:45+00
3e60741b3b2a0cd50afb62702e9be55cbf40831fb42f2e36e361c7f84b6fd7d7,1,525a711566606b4de6cf17f6de091fef02b23a91e828b75cb1374a82fe7a925a,0,480229,2017-08-12 16:19:48+00
907bc01510f15727d4db00a188309c0bb7cf47dd76dac1b2f8624eb2ef4f7d75,0,a92e2b2550237de09af67c075b87a1b498883bbcb5d168333e686bc5e28f7278,0,492943,2017-11-03 16:53:41+00
907bc01510f15727d4db00a188309c0bb7cf47dd76dac1b2f8624eb2ef4f7d75,1,c729b3ee6cc88f68a659009c4d4e6a748b6830bd4f7c762c8e67b3dcf3c6e406,0,495569,2017-11-22 10:15:42+00
2efb698e61a9d9958b913d8e9c829874bfa8e67d25182f9c3580f5170e2463a7,1,01529ff78d241d08bf54ccdcd121a8538e5ccbefe013ff8708b65e040e21b002,0,498031,2017-12-07 04:44:15+00
2efb698e61a9d9958b913d8e9c829874bfa8e67d25182f9c3580f5170e2463a7,0,fda219fda43b48011c070f9fc41c7cea06b311713cf17d049d9bf97b8c6511a9,9,498049,2017-12-07 07:56:27+00
