heights,blocks,listed,spent,listed_spent,in_multi_block_cluster,loo_other,loo_other_listed,loo_patoshi,loo_patoshi_unlisted,loo_undetermined,in_span_unlisted_not_other_miner,in_span_omission_bound_pass_band,in_span_chance_passes,in_span_excess,in_span_excess_lo95,in_span_excess_hi95
0-4999,5000,3765,995,9,954,902,1,2,0,50,331,84,64.9,19.1,4.9,33.2
5000-9999,5000,3856,1041,3,1025,1004,0,2,0,19,140,26,27.5,-1.5,0.0,7.8
10000-14999,5000,3671,1082,1,1053,1031,0,2,1,20,298,67,58.4,8.6,0.0,22.0
15000-19999,5000,3506,1336,3,1314,1301,0,2,0,11,193,45,37.8,7.2,0.0,18.0
20000-24999,5000,2891,1938,2,1929,1916,1,1,0,12,194,30,38.0,-8.0,0.0,2.8
25000-29999,5000,1453,2917,2,2868,2816,0,1,0,51,731,200,143.4,56.6,35.6,77.7
30000-34999,5000,893,3463,1,3383,3291,1,0,0,92,817,183,160.2,22.8,0.5,45.0
35000-39999,5000,636,4037,5,3957,3873,5,0,0,84,496,123,97.3,25.7,8.4,43.1
40000-44999,5000,661,3773,1,3660,3547,0,0,0,113,792,162,155.3,6.7,0.0,28.6
45000-49999,5000,621,3711,4,3507,3295,4,0,0,212,1079,224,211.6,12.4,0.0,38.0
50000-54619,4620,0,3605,0,3073,2682,0,0,0,391,0,0,0.0,0.0,0.0,0.0
