start_height,end_height,listed,total,listed_fraction
3,999,833,997,0.835506519558676
1000,1999,829,1000,0.829
2000,2999,709,1000,0.709
3000,3999,688,1000,0.688
4000,4999,706,1000,0.706
5000,5999,806,1000,0.806
6000,6999,792,1000,0.792
7000,7999,763,1000,0.763
8000,8999,740,1000,0.74
9000,9999,755,1000,0.755
10000,10999,802,1000,0.802
11000,11999,731,1000,0.731
12000,12999,741,1000,0.741
13000,13999,688,1000,0.688
14000,14999,709,1000,0.709
15000,15999,771,1000,0.771
16000,16999,746,1000,0.746
17000,17999,661,1000,0.661
18000,18999,620,1000,0.62
19000,19999,708,1000,0.708
20000,20999,557,1000,0.557
21000,21999,581,1000,0.581
22000,22999,731,1000,0.731
23000,23999,620,1000,0.62
24000,24999,402,1000,0.402
25000,25999,225,1000,0.225
26000,26999,287,1000,0.287
27000,27999,336,1000,0.336
28000,28999,330,1000,0.33
29000,29999,275,1000,0.275
30000,30999,150,1000,0.15
31000,31999,200,1000,0.2
32000,32999,174,1000,0.174
33000,33999,178,1000,0.178
34000,34999,191,1000,0.191
35000,35999,127,1000,0.127
36000,36999,158,1000,0.158
37000,37999,70,1000,0.07
38000,38999,132,1000,0.132
39000,39999,149,1000,0.149
40000,40999,123,1000,0.123
41000,41999,118,1000,0.118
42000,42999,137,1000,0.137
43000,43999,139,1000,0.139
44000,44999,144,1000,0.144
45000,45999,165,1000,0.165
46000,46999,146,1000,0.146
47000,47999,123,1000,0.123
48000,48999,116,1000,0.116
49000,49973,71,974,0.0728952772073922
