height,component,rule,pattern,offset,value
152,pubkey_xy,hex_dictionary,beef,41,f0418233581f77491230adffb4f086fcf029aeae6beef25d7200325e6a2904a89004b312c6215ded5eab744b9a24c16cf19423c9df8d8de02e692800ac90d234
179,pubkey_xy,hex_dictionary,dead,49,6631c3c98324eb3ee7d9517638f89e8bd5cd020ec50e2e533dead534b4080e1c19c0feaf0e0e344baa5733d4a5085ecefdadc79d68deadffa2b1ea7f71365cdb
179,pubkey_xy,hex_dictionary,dead,106,6631c3c98324eb3ee7d9517638f89e8bd5cd020ec50e2e533dead534b4080e1c19c0feaf0e0e344baa5733d4a5085ecefdadc79d68deadffa2b1ea7f71365cdb
264,p2pkh,user_named_1CFB_prefix,1CFB,0,1CFBdvaiZgZPTZERqnezAtDQJuGHKoHSzg
280,pubkey_xy,hex_dictionary,1cfb,124,0977acff91378bc2f5e2474ca6154942dd0eabe1e334c97427a55393593a439f9b1e0ebc9e7fdf8c6f1cfa483c0b23411d512c3bbbf9d7484eec4fb1121e1cfb
369,pubkey_xy,hex_dictionary,1cfb,55,86f4b2fbbe55b2cd9189a5286e81d78122b132f3299527a09d5d1da1cfb4ad6d6f8784671356dbc225a786b3f7c2886808c5d8de9d4ea8380394cc3077824dc5
454,pubkey_xy,hex_dictionary,dead,54,580870de3f8ca36bf027bd60440380dace0a2c305ee5324b99dacadeada4aacf73297ac6dd95a05ce193344702ad45ec487d992495411575cdff5e12b88710ef
654,pubkey_xy,hex_dictionary,beef,71,0ef30ae3a5d624fa25d881744ecc63a8d1793e9f0c119a6de5bf0c25d08dc489fae80edbeefed4d4b152e0507d30d240c67398c42ae4aaa6e53b39e1120fc2db
848,pubkey_xy,repeated_hex,ffff,0,ffffcdeee179409d5b0e3133929d6c1292d57768182e650878304dc6867e7a0b0f14b11d089328382dcc962312d22fe148b01c8ff911bff70af274146fb000e3
1000,hash160,hex_dictionary,cafe,32,732d6ec3763b55b08a84c15c0ee349cecafe5009
1035,pubkey_xy,hex_dictionary,1cfb,10,ddc587832e1cfb17c4928c4b183ab685ba8a4b86cf52f5d04c1214fa434beea3b5cbef9632b02cc214772ad199b8b02afd18ec84f07b98331763dfb742c49696
1122,pubkey_xy,hex_dictionary,face,35,7b5e7f8a625e719430bd8ed542362c78043face86dd1231ae60f8e43da6c68183da491b36400335d4d8180a84d1672b8c873cb3997d0e2529f7c8e883ffdd286
1140,hash160,hex_dictionary,babe,3,7b4babedd97dfdda7d0f0a449d031f0122df3ce3
1647,hash160,hex_dictionary,face,22,21245bbe8f6cd7c6417a4ffaceaf20c7e8868835
1662,hash160,hex_dictionary,beef,14,8c099b4cbc1508beef2d297db38a2375bd0aaa6f
1663,pubkey_xy,hex_dictionary,dead,59,284536f6d20b2d4fc11f67ee35453afd595cdafda2b0ece46e72f9b8a35dead49362b0f5322f5dd7e56bddf3efa97df0182e1f0e807f8160d990a090b8943a4e
1696,pubkey_xy,hex_dictionary,face,112,924dcc9d4c023e0ed3b14b3624a21f536fe1856733dae8f66c89a469afec1b3c9eb124687ef4b8ee8871a3d3abf5c3669c98b1f829d332e3faced3b7729cbf59
1719,hash160,hex_dictionary,1cfb,16,27109bd3bfcb4c331cfbf377d9ef7b2fe4271446
1746,pubkey_xy,hex_dictionary,cafe,114,4ffbfc28642bb8b3d0787074539982810b350d1c0cc616a20318bd89ab6502b6736650fd10ddbc4e0f98f40ac8758d07b3f68ed9ac0327acf3cafe65d2ae30f0
2002,pubkey_xy,hex_dictionary,face,111,cc0589c80942607c6f78139216141d614039edd62e0d851f6908ceb63b6e6e922190e634c6352a0de4a6dd9fed3abb6d1eb6eee086fe76cface3a5449583ee1e
2028,pubkey_xy,hex_dictionary,1cfb,41,9de51f8b02ba22571d628ec6ed458c8c0ca449e2a1cfb180b36e37473d2f95d7a6bf4fdb9e460dceadaf9ba2eef55bf5bd49d093be5b75b8e24f2d3828841f9d
2226,pubkey_xy,hex_dictionary,babe,30,e88259680fec5ea5c44b3688bcd21fbabec8816f695e73bd9afac036b473648b28e579327e94292125e2bb8ccf9b4221813baa2826565e5a495d28593d06ffcb
2229,pubkey_xy,hex_dictionary,cafe,14,2f8faf034bc2d8cafefeb1200d35f1a4c19233ced96cdae080ddf7bb255ab5e6e75569018f7e44447cb5e9ba58de1a5298ffb0c1d90c869c8728768e218c50ee
2232,pubkey_xy,repeated_hex,9999,0,99991a388bab6740b7707d1f501de4838df5703fca7eb4abad1d681e1e21522c390bd7ef49363b0fe975c7e3af30b395066dc0436d09371aa8d611c43b366a4b
2236,pubkey_xy,hex_dictionary,beef,78,c0aa3be7f20da544facc094cb4379a63737367b87ee82c1fd6b4bc05a067619f9a9d9c7a309f05beefd3e5721328548f33ae65c4fba23c8480fd204af06e0b25
2298,pubkey_xy,hex_dictionary,1cfb,14,3e0993e4ce3cdc1cfb8072b7c276734750b16f35ab3c11a3da237e5f46afaf193371c17a226c8e65524d25050e1517663066cb2c49b46739d46867bcb9c36062
2411,pubkey_xy,hex_dictionary,dead,90,a08f87d01312d5d61950285e4f8e795f9990d3f6f9874c9cdbca90d2865155c4a4d7fe8e93e56a9f12279b7b24dead3bcc7ed2404115df8354a43c9961004531
2476,pubkey_xy,hex_dictionary,dead,71,d03db8646a188cc16fe3df414e938d55e77a330b4cc3659d6d32490ed1ad04242f15339dead7f1d52b7954ee90f84b27147ce9f90438a973816f67fbdc6ca1c1
2715,pubkey_xy,hex_dictionary,1cfb,97,5862a40efe88b2f4d16776c880739451dfccb8080c44cd4c82090a43c594f75c93c8060920eb2175cd732f4f7551f3a671cfbdc196a049a207320480b42311c2
2746,pubkey_xy,hex_dictionary,face,33,19d1107fb4c78d79cf8e64bb5351fe64bface110bb44ee002e7405625b571070d321e911ab09a5b593c90e50130f3bf6a586716fa5d8c17ea8c2cedf735785a2
2799,pubkey_xy,hex_dictionary,dead,43,f23ace7eacaa4ad003b41ac3e97ff1ba76e337dc7bbdead57b5a19a19a2c45c9406171ff2d029ad2321ad8d72b22cbfdf037b7d7cff083476d241fff21cbc728
2910,hash160,hex_dictionary,cafe,4,8f20cafe084ff7b08cd80cc40082ef2dfbf4c97b
2930,pubkey_xy,hex_dictionary,1cfb,87,ec7e82181dfbec7596629ebff10af0b5d6f5289a6701b782907cf277aee90d30832bbafc05d4da8792453ba1cfb6a4b86dc984cb3e12a59647bdee378957ec77
2965,pubkey_xy,hex_dictionary,1cfb,101,b80c5bcaa946e3f539100e7e7379cccd431ac39958d4ef2e3eeb533000bee535078102409002f2db65ca954b6d635cfeab9f31cfb9b0ed45389b3f94bc7ddec9
3214,pubkey_xy,hex_dictionary,babe,60,d9f8301e682247c1e6824c03ca9991b5500b7ecac936c1c4faaba574eb5ebabe97cc23c11072d08960b63d0535f02c53045033721bf1b5e7dc52015ee23e2674
3274,pubkey_xy,hex_dictionary,babe,77,eff0f6e0d4c912d8a349d797877680505287b96829d2e3450cd8b2ed1c4a2a561050ae04c9b60babe1b79311422187cefd8af90a94f11f95807ef54f1f96bda8
3467,pubkey_xy,hex_dictionary,1cfb,113,2e77eb88f074e225fe1a5dd58a0305cb27c0ef352ef6d73440f67e7af32b90e1267ec8bd94f06938759ef6c5b9644222d3cdf1c6d997b02a51cfb89091e1a6af
3667,hash160,hex_dictionary,beef,7,463f255beef7dbed86c8e1577c101cbc6cb7ea1a
3968,hash160,hex_dictionary,babe,33,6d0bbab9b2a95452e5d4f82804509ec9ababef1b
3996,pubkey_xy,hex_dictionary,dead,105,8ee1bf353ec64825e422536ef080c6ba6c03e3be5be5f2d24836b33cd862de9a54d531a38d3c20456c971eac091a5f963c10271a4deadc94589a0d27cd74ddc8
4383,pubkey_xy,hex_dictionary,babe,28,05e5059c0468153c8350e9cb1071babebf23cbfe82b55b959598d78af38f1a4a882bed88781796d774f2e2e724259a012562671b6f4db5b114aa06f41758ba61
4397,pubkey_xy,hex_dictionary,beef,9,e2ce385cebeef9e1744c59dc44aeeb6a8ebf9ff1f9c76eae44761f2165933ac231bab4aa9ac418233e1576ba78008ef03f1bbaf4f53b723b22f9a4bdb39fd787
4408,hash160,hex_dictionary,babe,15,2763a587d0d6e9dbabecf0e64607de09003574fb
4463,pubkey_xy,hex_dictionary,cafe,85,293b3b00c44c4622881c0fa5143587009f7756e842244aa8c589a91030da6b149abfea9a26ddfedd364cacafe13bb3ddf1e74715dc7f5da2dc0badf797e19a27
4531,pubkey_xy,hex_dictionary,babe,23,ddc82a15dd0f9b26f7a3700babea69aa80b305ae676704d63b43427ba814f70043ee6a0ae2cd9e3a8a832644a4c1ed28cb4825e2538427dd8270d73ed39235a7
4545,pubkey_xy,hex_dictionary,cafe,11,ac73b94c650cafe359dcdab4d29da15d68829e212a659ff2218d5119fe0cf84f1bfe4e82649cdce337d8172539614487fe121d17436e740c7fc0720a543744c2
4573,pubkey_xy,hex_dictionary,babe,39,89e33ac8bb362cd6d4be414996e06d6be79a3ebbabe3a14fb3f02c911e828c8b1872f41ded3e7b52105416db4f991d00a1661aff2de746eb69374dd5eed4835b
4790,pubkey_xy,hex_dictionary,face,74,30b3f515b33eacdb29d7397eb8453a0ba6c61f8b0f07a557ba52f605014b60098f8e704992facee02b6d4068d8ea8ba3a9162685eccc8693b94afee045f7691b
4881,pubkey_xy,hex_dictionary,dead,54,405f0bd1ba15a7d376ea717a4c0aec30e4fac72b47a1885e42d8eadead99424a081d5d4daa510ffe515f67273aefee1d4aed13770a1c193936f6f009d1523133
4983,pubkey_xy,hex_dictionary,face,38,836e8dd68475d35062bc0b18a735a7a19d7998face9f896554dbb4b5e42f09026556ece3ee81d508f2e6c084359549f3ea34157065b52963658102a58bea0f17
5044,pubkey_xy,hex_dictionary,face,78,5802f0b297723f5dbae48c9338de825ea9b865821f394ea21867443a284381f051a74af24936a9face253e39d6bb81cb7f64937c6d07e57598a555b18055fcb1
5293,pubkey_xy,hex_dictionary,cafe,96,9c3da09db0b71698a09373f67d7606628e65805fd815d2290eb820b4bde35c1e8efc6c812b0deb9b539d25c19ad1bfd8cafe1311591663ac6713317895b33576
5302,pubkey_xy,hex_dictionary,1cfb,115,acff614e501174643ab6efe7cf85ce24a4745202ea1fe7a9c92ad61f01edee590126d110d975188748c5385bf4d185da052b095d9514b634ff61cfb3fbcd06eb
5919,hash160,hex_dictionary,cafe,6,14a30fcafe98231810156f22278dd5e7fc327a1d
6037,pubkey_xy,hex_dictionary,babe,7,437e591babe8bac695aa5093fa81ad36bb966ed31ef930d570da6891efa65e0adabbfb93d2e7a514a46e506a72f3028726bd78efba7049e013d2c4a01abd9683
6087,pubkey_xy,hex_dictionary,dead,43,aa4a09d4d86fee334bd53eef7a07c8a30423906e6dddeade0e13740a2b6f13b34cff95e42927283a904d5e8676bd4c96ed0ff22b4aee0d38e49bdbca03f771f2
6092,pubkey_xy,hex_dictionary,face,117,4f7d46b48944f07ecb3efb7b420770c32c4b07c666790fd600bffef5f545aa6b9877a58ec58e71f737d8f042e291c331015843ec0b5efcabf0f52face8bdfbab
6106,pubkey_xy,hex_dictionary,babe,102,cf7fe49469770a2e3a6bcf71de476eb212f066a4f72be85444ebe2742c444b16725483add3170ddf26f23a271f7056215093b8babe5985630aae428c3491494d
6206,pubkey_xy,hex_dictionary,beef,31,6e36f812e1a3318b438ac478d85aba0beefadc9a686f5b1ebf25cd4f4491030e2772c497a7773f1561b8b017f6a156996b247ff495c18dc8e6859470d2701bf5
6254,pubkey_xy,hex_dictionary,face,11,b8fd4a34b80faceb74459a41d3c0f5c63ec6d6cb6edda555d324c2a45864c020baa62a53b856ad221663c6359fc0938dd86443cb82750b58b7ca4204523f11a9
6298,pubkey_xy,repeated_hex,1111,0,111186bf82588d44b4dde5c1f093d172913d394636779b6109e1f78030cd30d8f5f74498e5c67a176ecc0e7ddcc7b6b826c859e46ff74529dfc44f0a7e20d2db
6392,pubkey_xy,hex_dictionary,beef,63,6ab6b6fc89fe28817197084f55a645faf8a1d247473214b97aec9ff1a810a91beefb2c945a659afed45ec8427aef9cb48d6dadc7e10cedb20c162aadaf9efe6e
6402,pubkey_xy,hex_dictionary,beef,110,6c8206b2d900ddb36cb33318a57942286342510f86b726a4dde7ec81ba84eb1735b9994138ec3272341f2777e9931ae9eedd6682823a15beef7d414da3f6df1e
6686,pubkey_xy,hex_dictionary,dead,122,6db53d1bea49ca1fae647c1632778f4fdaf02e2abe223434d296ab13683c7c38c8403ac6913bee3561c8f87646e776d96b7978b576f9cd7771d318c7dadead53
6687,pubkey_xy,hex_dictionary,1cfb,27,02d2908286e7e480cb2d3a7fdd71cfb861d45e906ab96b4fcfa3fcdad1be9336812c40e8a19a0e78eb3963e9ae707fd160745e37e38b7e94efe839382a47e71c
6803,hash160,hex_dictionary,dead,30,e0eae07fd5df5ea8dbb0eccc1b7bbcdead090641
7009,pubkey_xy,hex_dictionary,dead,42,bcb48a0c97465a42a4c0b916f74ad3651310bea487dead02d1ce9bc4201aef535901f3b1627eb671dde0096d46666045e15499f895a9f4e05cc514119aabe046
7220,pubkey_xy,hex_dictionary,dead,92,37711e66ed62f57e9272de43ddaa1b97791ce0473b031331a47f295937f6b22ec27588cd601371d9dee188e7ae42dead30d201a73a1bd008ed9bb115c221becc
7256,hash160,hex_dictionary,cafe,1,fcafee3c69d4e89e9400e39265ca9be2d906d499
7333,pubkey_xy,hex_dictionary,dead,7,779fbcadead265b41d75d446321c26d5261718e5e040ed10bf8e35fe7a2397ec06dd4b47ac21ed7ba95e408b52f57a9ef58e23433e2c0eecb7a93a1d306da88a
7355,pubkey_xy,hex_dictionary,face,35,255a3af375bcac58d846695e672f005171afaceca3317f1d4eecbbddb596e26880bd5aa2c9ea4de402935b84dd3e375fd8ac0887f558cb368e64fb7b3a52c9cc
7369,pubkey_xy,hex_dictionary,babe,65,d687cf58febb83e68aff7055f65bc96583043d25be8a627165d579706e0636c7bbabe70fc8976f76a13de96fc06622192cf8cc6a4da3a078e87f4d8ace257c0d
7447,pubkey_xy,hex_dictionary,1cfb,57,707aaf819011470ba912bc2ef1aac1f4339a8629d690c3a65641b67331cfb7e55b338248b9231de3592aabea810099e14c20cc3ffc23cdc9e41b7253e13b8b16
7510,hash160,hex_dictionary,cafe,34,7ec0de1d4469443d41d16af91aa0b093fccafecf
7658,pubkey_xy,hex_dictionary,face,83,a38258161637081acddbe4eed79a29d2337f46731c6b71cacb25bf41b7a2e5d1ec81c0771c26ff1d21dfacefa491948df1b047d13d7891a305bf0ad6ca46bcac
7792,pubkey_xy,hex_dictionary,cafe,38,4bea0e8ad8ccf49f2797b78088e9118669f3f7cafe429968e08203bf01e4c175b12303d97636393c71ed4107db404616966dc4430c4187c121bb9263efa4f3e7
7795,pubkey_xy,hex_dictionary,1cfb,54,0223586e118a6894bc3db1d738c5f1bfa5dec0f9bb2fe162b4500f1cfb13495e586c9927173d5a9d4c63541dca115176154c71803c99d4ae5fe764b3d301e689
7826,pubkey_xy,hex_dictionary,dead,65,60c645624f5c68d581b4861f1870e3674457ac63488e24ddec366254049f3a177dead9d032f183560d8b5367c641a1322cd175bdbd156d80eadbe355ebd345aa
7924,pubkey_xy,hex_dictionary,1cfb,44,41b8776c3d788d5cd0f5303c7bd79e136e30ac36ac611cfb54ae170c9b46590afa933191cfbabf04ef9c5b272ebdefe23d49e69e81c091bedbc08ceabce6c48a
7924,pubkey_xy,hex_dictionary,1cfb,71,41b8776c3d788d5cd0f5303c7bd79e136e30ac36ac611cfb54ae170c9b46590afa933191cfbabf04ef9c5b272ebdefe23d49e69e81c091bedbc08ceabce6c48a
7991,pubkey_xy,hex_dictionary,beef,123,2e9d5c97352a9e8077c923d943d9477364f9c4f77a73e4941e9d14b07c8db85f1edd07f650f7354d4bcad80d4c796cec3adb3cf1a6869614cbb26f6e86ebeefd
8119,pubkey_xy,hex_dictionary,cafe,104,1621090cc216c8e12c24684cacb2ec8b5d245469b372a037638c5b93d8e43da7420b1ac6050e44301cbe1883f9c8ee7d5fff96f0cafe143ce8556cff83aa14e3
8178,pubkey_xy,hex_dictionary,beef,59,c3b282ce157146ed467b02a736e36bf90256d35c5190abe644432519053beeffea4b94a7ea10d92a90612a446db6962cdf928cf72500e4b3cdcc5d8f52ca24b4
8349,pubkey_xy,hex_dictionary,face,86,afc1a6b72999fcf056157f34ff2a6934f94e4e79ba533bafeba7b51fcb881ca3ee0d6ac8172948cfe7191afaceec5ee5902eea65d4aa5a5cdfa8e40026c9516c
8582,pubkey_xy,hex_dictionary,1cfb,85,17fd39de48c6ae6cc54356f00e698e3e01dde0340d1841ea5a296545e75f78ffeea2687bf727c5ae52a2b1cfba9fdb768b9fab262a9484e47da03e0dc2935972
8619,pubkey_xy,hex_dictionary,cafe,46,6674ca69b62fe4790d107a7b184f71580c2053dc9570aecafea46590734180c49acc0029a419965f082da098bca2efe1e90212d9758dbcd96a63072d028b97a3
8839,pubkey_xy,hex_dictionary,beef,43,68ab5f63c3af6321a1e6883bec7686dd9ee3e6a2a0bbeef7a4b0e7825d7f64aa6bb603355398a7deef897100cd5c905dec79c54640ce5c564c907e834393e1d5
8878,pubkey_xy,hex_dictionary,beef,60,19e0f5151156dbaecd06b4fee9bf5933c52e750457801651fccf55ccaab2beefd4de63a690d430671c2df20b33fd11eedc8d8d165f063e519dcecb09f5ee0b32
8931,pubkey_xy,hex_dictionary,cafe,118,8d23699afa6fbf486c460516f3c7cb8c7c22cb4fc357ec5ef1cf6d56a71e6055265392af604425ea8b0a08fcf7a677586b3687728ce3406e362cf4cafe50d82a
9004,pubkey_xy,hex_dictionary,dead,97,78a0e0934e2cabbee5e82d782c5041a871dd6eb393e7fe35a502ef4d7e7b96ad975019cfb01b43b2599b69e52ccb49043dead0cd487e6642cb646ed33241ac79
9171,pubkey_xy,hex_dictionary,babe,81,85be250534f849395edf41aa56b00cf03d7248f5aabdf3211a914fed85eb6bec402bb5efc31c6c82dbabe91b16f55c2bfc1ae675febd7066947ac2110cb74108
9292,pubkey_xy,hex_dictionary,beef,118,d0254082265052f0d91e4b8887b78eb2d989cfe4e4159c58b9fa314468da95536d8aa26ab724fa8d8a4ad7fffff264196a03b372c562d3ee626be5beef5f9d3d
9397,pubkey_xy,hex_dictionary,beef,45,6023d202bb77f91db8ded5fea28f8276a3512e1130c5bbeef3e7b861948a37f6541097e658979e961d9df1abefefaa1fd55d2c693c233bca44d969c2ce3c1efb
9513,pubkey_xy,hex_dictionary,1cfb,28,640ed540818b84fd57102738f1371cfba190838fe80a697ae78a04b8ce4e314be2d55ffc18e987669b6d7bb53d8f550f927aaba09a8e9356d80facae444f3296
9611,pubkey_xy,hex_dictionary,dead,44,19ada5c48b5be619f93116063b9e3a87e2d7112a247bdead7b1f58b713f9746586efc1440119d4a87c5169b2c96ece52a7d65d3f530d2f50c60956ab80be3441
9645,hash160,hex_dictionary,face,15,bff3eec3196ec74face122297048d29d6adfe7f4
9768,pubkey_xy,hex_dictionary,beef,84,ebf00d1ab818ef92ee73bfb77ee3521e7696fc4e0e214bba6af8c853ca0bd672b35bc03d72cdd7764b09beef05ce5d86d403d0c8985252a9eac474f68079de41
9821,pubkey_xy,hex_dictionary,dead,85,c1583eacde3c5845386a27a3a7453f1aadc823ec20360b6cbf472abfff378802a897b3cc20182078bd841deadfb21b8396d4f8a1d42930578e62cca4852edc06
9850,pubkey_xy,hex_dictionary,beef,50,26007f9c62e3c374c51410a80162886cc6c74f0840a7a7dee5beef62ddb192d844c381e44825de1f0adc3d59a95ca28ba82840d15c4e8a1063c36270f0836d1e
9866,hash160,hex_dictionary,babe,30,758c050e667341e9d83ec2dcaac3d1babef164be
9871,pubkey_xy,hex_dictionary,dead,88,c7be675995199f76481036f2891209ec2bc912a3597b0eaa930c6fd7058401e51a169701c54db8e414374f5ddeadcec2c423a7d8ae9fdae4fa86f16d743da9e5
9894,hash160,hex_dictionary,face,20,2cec878080efbb884ab7face2cb2c7a40d8d2a2d
9963,pubkey_xy,hex_dictionary,babe,103,51b9a4f771448c638b2d6918e7817b90c83927ebce7de94777b1d9f3bb6391a941225a204bf6e63bb640c5f2258944f1a9b8cfebabe6f341c6dfb8387ddc98d3
10043,hash160,hex_dictionary,1cfb,3,6141cfb160f965dc7dd10b6df91e458386efc951
10075,pubkey_xy,hex_dictionary,babe,39,66f31e18d1d281c3174e82543c269957baecb23babe5175e93ef476cd10d74ed217127dbe1f7d56e2c9bdbdefe1d1d4496ac931e16a30e38f1af7171325ec3fe
10097,pubkey_xy,hex_dictionary,babe,34,6a2fe60b4377e4b8dbaa9c77e4ad9c0923babec73d72a70e05a9494d0add06f8e07ab860254ff1a6d3ad50e82832fe952b5eb34a191438aa4a4cfea0dce0c859
10103,hash160,hex_dictionary,babe,13,282ae0d8d616fbabeb855c11bcd9d75a7b3a55bb
10194,pubkey_xy,repeated_hex,eeeeee,39,a6a472b60a359a54cb15235239a43f3b944a344eeeeeef1dfe893fbb3b292b501e8536c9c0f1d52eebbc9e3fd84d67c6dd08f0c5d82b62242833823860e2c112
10375,pubkey_xy,hex_dictionary,dead,31,dd1486ee5a9e5c89ea333ed5c004bfddeadc4121a9c035f64a763806b7b30428060712ce60cec5e9c5c6aaf8c3d096b7e1e957458fae49ec09cc342fb279efcf
10379,hash160,hex_dictionary,babe,2,bdbabe45ee8bfde863754f6ca43de56584ae1276
10528,hash160,hex_dictionary,1cfb,25,1abd43a76b2b485437ca44b3a1cfb828f8f865d3
10611,pubkey_xy,hex_dictionary,dead,97,d9ec3cb4b9d68ef24f1b63e1453518c1f9c30ca28f3fcae5b0ff2c66ab43b2c81d17c37281339e94533bff50a1ce596f8dead916a0a2a08d3bcedc87c4be515b
10715,hash160,hex_dictionary,1cfb,8,95eaca911cfbf3663b1f4b7b9f8c68d0094f8d03
10737,pubkey_xy,hex_dictionary,1cfb,23,879fecd19eac8f2b42b8b491cfb1ae77e23693f6cf7df90d8b495a43d10dfb3782561b87f5e36cd5dac95a5201d8e7bca80d8ab6827a64beb4698642cf3019af
10972,pubkey_xy,hex_dictionary,1cfb,22,14b14fed1bcf78bb1412401cfb27bc50c31dbd378bebd06c1e2a6dab1f4791c3a5454c8053c3b2ec325dd95382386f06d8a889c49c443a9cf320a6931d87a6c5
11106,pubkey_xy,hex_dictionary,cafe,117,ac0e4b216d26b569f3499b1c9b8c47c2b3536d79621f2f3fb6d5e1f5388890937d2d04a68a064d0c725f6b8a1642108e2e199d3ea904556d2a35acafe5019813
11293,pubkey_xy,hex_dictionary,babe,49,d85cbd2387798912c9c9f067fd82f84bc4d6d497ad2defd7fbabeb2558bdf54fff34e73efe8d9554890b6cb584e4ab767dcd1e8d30072849717c1f5df6745885
11304,pubkey_xy,hex_dictionary,beef,101,7f3793841477a0514dea5ea60d6e519e34541bfd3478c4a9c768c6c3f5484de44cdf77a7825330e2b885f4588811a74ce3a23beefc924d45b8665b0549826377
11393,pubkey_xy,hex_dictionary,face,25,c4f862d8532fb9f6f5fd3186dfacea90aade8f95de19591be5ed813ee650cef429cd87e0d57c872f789c97fa404fc866cba0f70520ecd60aa6be1133af28e850
11434,hash160,hex_dictionary,dead,31,719084adca91e4cfa016b087dc1e054dead22344
11485,pubkey_xy,hex_dictionary,face,24,be5d171fd9d282640165b6b2face91c7f83fada0fa70b250c82501afd59f0ff03ef08b323afcd00c37445ca70630254e476f8c8e86ea63b5a1fd7b1b5a5832db
11505,pubkey_xy,hex_dictionary,cafe,81,ef5d5a53bd6d570e587e64358260b2ba980dbb278c687339e70badb8d79eb7282900309fedce29f6ccafec160e1e4620554bd20b7ccc8dec6eaea4cff88c667a
11945,pubkey_xy,hex_dictionary,1cfb,115,7fe3e1f1263404e3d9dcb0306700a728e35ce5f523713b91e0247cd9edadec496cdb4da472197f315bc31bc9930bf3a410dd77b2e10baff2c991cfb2f7484b15
11986,pubkey_xy,hex_dictionary,1cfb,84,8ac2c974410e697b3dd740137b93322d4fce8c4a1530db1643fbcd77a2f11ee6b6427130e60ec316fe221cfbc43b8cc92492fb036ba12ae8a6f73b973f76256d
12011,pubkey_xy,hex_dictionary,1cfb,63,48bdf8b3d4d9b1fd382aa5aa5aba4aa9f82b2216ffbae0c969b95f9e775f4491cfb2fca55ae7d2962a34b74c23a31948630a22a569d0d43204c629a556a943a7
12058,pubkey_xy,hex_dictionary,dead,32,a432bb2f64e2d79a5b0694ba3b1ee091dead21c97b51a9962f5917427825ae4ff44125b4ebf6e3a5c65fbf347cfd35368b728e8e92b395b7f7453b1628cd889a
12126,pubkey_xy,hex_dictionary,cafe,20,fca22a710d5aa4330ddfcafee77b28748dc1a40faa6c2afb9f85ffb8fc7f0748855ee1db84b54790d15423220bcc0c33bfe0d39cf265da5fff2faba2a5f5c7b4
12242,pubkey_xy,hex_dictionary,dead,58,4050ee6beae5dd7f2d335821fce332d466652e939eb745c31ba8af377cdeadba776f8ca981065e925c8d374820618c2ca178cab2257fa59ce6e8986b96519847
12247,pubkey_xy,hex_dictionary,dead,110,e5764ad3e5c93a14bcbe37fbf72167db0372278729007d42c04a22f6ab9e4f124d751c3d2f5836cd186515b9961f9403797197889504b0dead0cd172e8489e47
12274,pubkey_xy,hex_dictionary,face,108,2804ee8d4c393f291ddba6214bea4c2e759f50ad798484ca37ddd2b49ecf4619196855649bf4096916d66345e50b7e9a3e293dd5569efacea67555479e075e01
12283,pubkey_xy,hex_dictionary,1cfb,87,70c74daa6e2300330be28aa613d607396a208c8c5adc5978716617dcb74d978dfc1dba178563f6a19e2e6931cfba5c32e12b60c4504cb785acd83772e537ed43
12309,pubkey_xy,hex_dictionary,beef,62,6db17030859436547dff1d5ec4d20fce136f141201e1edd0f2c63c9c6fd294beefed439074fb0cd050ab9a4b76ccfc09152bb730d4a0ec5915006b6115792094
12322,hash160,hex_dictionary,cafe,13,f7b532c2ceae6cafeb1da78124f11dc7185625dc
12483,pubkey_xy,hex_dictionary,face,112,fd1351cc9048355d18d64a27bb06297467349603c59fecd651f69c827baf674f670db100ce24edc15448ec83eabc747119e789ee5fbffdd7face0dafc182ad75
12566,hash160,hex_dictionary,babe,35,4eac1cc81d77b31f5e4f37a6cebdb1a0371babe6
12599,hash160,hex_dictionary,cafe,22,bc8da722f8ced08adbe08acafeda3b53003708a5
12619,pubkey_xy,hex_dictionary,dead,74,64317ea5e9de195a5a35cf27c28a7db17d43efb5728d2a2378fb0b4561f52db55a77921de8deadf28ad0146feb347d3646ef1db5d2866ede7ab97b32a9c15f6d
12619,hash160,repeated_hex,1111,0,1111c04f7fa589bb0a43708265f415e14eb66578
12727,pubkey_xy,hex_dictionary,dead,1,1dead524bab3ede68a40e8f59b6f866ca3075727469e2e6242181d55c9733939f48c0b30fd85211dd95c7c6b4e73d9c5bbf16ccb3d47cf38d0dd80b29f02ef93
12784,pubkey_xy,hex_dictionary,beef,4,ebc1beefe47aabff28c8cb3126b305c1803262133af715ad13f3683154c4565733151164ea64062efbeb14722807ae4b8355527aae491a07391f5caafde9d97a
12828,pubkey_xy,hex_dictionary,cafe,81,5b34928bfbdb502adfc93c8ff8a8e2a8f85e6d67efda15bb3b08d3bad5650bb989e83d8058e9aeffccafe937437b4f1bfaf1ad3056da9bfa8d541bef99a50f0c
12853,pubkey_xy,hex_dictionary,babe,53,3bb4880c76abfc5be3e862b7028445b5e73437e164ca80f4b42cbbabe5af6d33767e408384502f3898ce12212427b993374b7bb379536001bde402170f6493b0
12897,pubkey_xy,hex_dictionary,cafe,54,96d786dc5b982c25e8eda746b5f89ddea3c6f22cd0db522306064acafe69c63b91dd615ba1c0aa02d85db64bcef77526f18259ad47142949eb726b199665d9b6
13096,pubkey_xy,hex_dictionary,1cfb,105,7e2e7d82e2230abd8385323aa96158bebef15bc0230f83dca37345c25f6ced88bc3e80ee1ecf3215303333514b7e9ea0e66e089071cfb57d5a77a0e8af7b5ad6
13161,pubkey_xy,hex_dictionary,babe,30,896a8ccbf34b4aa88bcdaa76085a44babea1c157c8bf6d889e3faccb48554be5f1fcabc75a702d942433b995e2aca41e8d16a95287383b4364296e2d0b46f846
13235,pubkey_xy,hex_dictionary,cafe,37,9c586dc42ad797f2b94eb921f517d6f0556ddcafec7793ef30bd7f5a1dc268c46c7e8fb24f08adc851d0acde2473392888996018bf7b60c6d3b3edeed7ef1d02
13400,pubkey_xy,hex_dictionary,dead,51,abca61aa8ee6aa2bc5668114e979dea6de245bdd2a187957035dead631072696cb234195945d61e4a9516e5e60ab8ddebc435cb480ec076ea043b39ab8fba85e
13483,pubkey_xy,hex_dictionary,beef,66,f63f272477889ff25dce8b840ed2dd083e6f72427664269c298b02c0ccaadfc7c9beef51e81cbec116b79496f864d40db69c4590a86690302bf3116b43fd2b43
13612,pubkey_xy,hex_dictionary,cafe,25,075b76649709d9d15b76acdc8cafe483520c68be6eb18642dae919c11ec09b0c2519ebfe2f463992cd28f77dea5939189a82f504abdb8b52cc4b1f47c2e98476
13720,hash160,hex_dictionary,1cfb,0,1cfbedbc8a91902ed95b67ee22123e82077a9f2b
13760,pubkey_xy,hex_dictionary,1cfb,71,0c60380b997a876de6c7057cd37610b28af8ebe5c7f5636fe3fe7faf12324360d964d891cfb7360d0a1be493d04b13eb28ddf0e29cbcbdf13e685b8ece57642b
13766,pubkey_xy,hex_dictionary,cafe,76,9ee2198d1cf0f489d2f0bfb703684c8d0d2667853cdfbd49ccb9d8a21a5b54c3d682ede7b542cafed81ae6454609f69c8616d8dc302ecb16d6fe0f47d3e24c12
13790,pubkey_xy,hex_dictionary,dead,119,e594aaf0f76b8330a5f3bff35093cd062a392de6ab06e1149ad705b08ce250fe7f0a2186f16c04a08cd7bdbe0b89cb48c16071f01dd6c6747172ac6deade0ec1
13812,pubkey_xy,hex_dictionary,beef,69,ab2af0dc6c16a4965005e7b75d4c4ecbccb6825b8a324dffbb346c0b8ee8fb3f64940beef5821199c5598fed91e1d6d8b4a5fd575e3e7a5c04c578b0d1cf89ac
13914,pubkey_xy,hex_dictionary,1cfb,61,6e80beb4d73634cb65f92aaded8af776f5f0e25b3f1118899e577b991c3ae1cfbe574cf1b00da34a409a607ebbd7b563148669d2c0e498f7beea78c532faf0ed
13972,pubkey_xy,hex_dictionary,face,27,0ae9f311e1dc637b5e6adc51663face851e3fd94d2dbf11f7361d02a61bb3853d7a50d10777dcd03f4c8d6ec082c6d154d3f250a1e1ff52be3e1fe88f64b9941
14000,hash160,hex_dictionary,dead,18,fa7727e20acdebe7e4dead1e74f6790ba4f8bbbd
14095,pubkey_xy,hex_dictionary,1cfb,9,d3fcbf2ca1cfb34b1129584e1e85ad2005d6ef0e6ba37251aeb346b402ca3a81c7e83a9d8c40768b3764847cf0e81fa5403b468251aa47598f4a884e06ab4927
14416,pubkey_xy,hex_dictionary,cafe,54,f2b4246b8d9fc333d390f8b7e011dc14d547966a3da47b8645f0edcafe1da6b6c4b27ce57520790676c6eb638e4bfc14c380e49c452c889db9267aade13d6325
14470,pubkey_xy,hex_dictionary,1cfb,89,016dede78bcaf5e988ed02bcc0d90d958d0713b118df84aeafee3975923afcffb4b0addae7fe04a69f435e6d51cfb14f0ddb7d9673dc33e7fae7629b369f62b3
14582,pubkey_xy,hex_dictionary,beef,74,ff50493e2debea920c2aa1cb90d8640413aa1f163b80576ea1ed231aa0718e98e3cc516041beefb90a6a1ffcd3a9e2c33b693fe1818a6d6fddba363c66903346
14662,pubkey_xy,hex_dictionary,beef,17,7d2394f2a83c5c6fabeefe9e45049a3255cc967b0effb544dd9883f8902cabfdee0305b317afa3e74f6633bba431408c50b2f14cf02c5fa15619ff63afdd28e3
14711,pubkey_xy,hex_dictionary,beef,29,998513931b0d00c40f869d0be785fbeefafbb608dca3106fba8a729ab7e74d0f40d7d168a3348f15f8ea91b2cf9d6bc2abf60dcd3b1517b12d7b1e7b4fcd21da
14830,pubkey_xy,hex_dictionary,babe,0,babe47150b9463ecda7c4a540debb7a10c1f84f10360e4e1ab15fd4ca523beccacbc8cb177c90f16f124627cfe59fc16b6c796170fbe0f07e69b7fdf0db22984
14838,pubkey_xy,hex_dictionary,dead,83,3ed5472fc290535fb72cf47f2e06294b177490f9283ba0a31b6e3f75b58b85961157102b3d3e411a90cdeadc7cbffea49fd65a4d8298a8e35345635150ad4698
14976,pubkey_xy,hex_dictionary,face,94,aec8972f166ecdd514afbcae4afeb89ae0e74c6429f045dc8151aed2976c6fbf60c4266aabc8e9ad0bc939e0b6d275facecb7ca5a5283cb7b1ec86d9895b768d
15021,pubkey_xy,hex_dictionary,dead,78,c1b98a644a7d6a3a89746b0d1daf021c6c1ada3a8bbd16709fab6e4f2d8bdd8521ccd3bbde7c2ddead365abcbe7d3a267fb4600eb1ef310aa2c8abda9817167f
15036,pubkey_xy,hex_dictionary,face,40,5a7f161f58e01c7ba5f68a6dd2b4ef3fba682e29face0414c60725f3b1c47efaf89a219c277f85bd64d8077c2db2dfe8a2c01627690e3f1a1fd42e6d7dffd47b
15153,pubkey_xy,hex_dictionary,beef,50,d417159a09bd23f4a00a17ab4b95c11a2072473ff7b6f38e5ebeef052610bf00e7fa5850d96ee40c36533ddd16355e9bfb74b6cb7ac8e33783003cec30d4abbf
15257,pubkey_xy,hex_dictionary,dead,60,2aae8fb10b1af2824d7f3ef24ceb55749978538a465aa853f7c415584bc1dead7083400b3589d3b98238a5a003959fb5c27a5a708bc40f9c0cbd847dfb064442
15267,pubkey_xy,hex_dictionary,dead,11,468d63f0703dead6b36395edb052fc7625d6c729a8305b0a2a81c5460dd5b8734ef4fb7a5dcd29bb804bc36c9845ab350315f8fe20bcfbed281d9c363210a715
15536,pubkey_xy,hex_dictionary,cafe,21,45848c6e55f266302d919cafee55f9f7b5a918f338f1465d38a29c8b54844148507842d2ce1f3c80c60db4488eaa3006752ab1252e334db5fe87bdd11bda2497
15599,pubkey_xy,hex_dictionary,beef,123,2ade08fdaef514a9286410f8a26a21ce23c16c2565081784aa094da99967e07bd39ba5e6b88e945a792880589ac9be8d7ee8b39ca851429821caf47e8cbbeef9
15834,hash160,hex_dictionary,1cfb,21,2ea3a2a7eda613b1299161cfb51e2eddaa797d26
15899,hash160,hex_dictionary,1cfb,8,c6892fc41cfb99eb72f8172bee3df0f658a38c23
15917,hash160,hex_dictionary,1cfb,3,5781cfb567a5b7406945552f510ee8834c0d6721
15981,pubkey_xy,hex_dictionary,babe,18,aea4ddc520c4d4ab41babe7915f00655c51e690a94ee2f65ac0898d223a4cf3ad0bb94883008c074c394d775cfe52eba683325506e09d8be21d1ad7c0e6a281a
15990,pubkey_xy,hex_dictionary,1cfb,2,221cfb4d980c1bc68f99581025e414552653e3c2e91d2f4c742edf82c4110687864fdc84f973373dc34a2c4db827e1067db8a504e332a5591b09d6ecf131f203
16065,pubkey_xy,hex_dictionary,dead,39,8b99098f5f2950b89b244f1e38335625b974177deadf763e15c2ffdacf38e89a88795935ef888689cb14442047133991c5b1662a5fe196c7d36741ca8dc1584d
16084,hash160,hex_dictionary,1cfb,33,ff615bda9a0f61a98738ce264c160cc061cfb78d
16097,pubkey_xy,hex_dictionary,cafe,45,c6ebe1962da95f175ed02f265d4103d87cbb235b841e5cafe61bdf4cd4ee4d9240da353743e1ea0dab3a2c9481ed67c9f1dbeec7515488b52b9ff22699f95f3c
16165,pubkey_xy,hex_dictionary,1cfb,100,99dd144d8ba5c4d00240a04cb86964c9e6c2fbca05e80d2f25924e11505ae9ab7935ac0bce4def259d97903c63326fa2b2091cfb5ff5670798d416afcff7e8ae
16250,pubkey_xy,hex_dictionary,beef,46,204b2d947abe462e664b72999b7b9e06b19f2ad508e4edbeef2cdcdb292e49ff45f025c51b6999e82698245a747191c4a3d1b67877fc6eb451978499452db0b2
16261,pubkey_xy,hex_dictionary,dead,85,bb09636b2ef1339872ecea0ca99c48200ac618ec49699baf2faa52557c60f7a9b18ec96fbf8f834c60c52deadf4f615a53af1b82c4f4e4e7dd0145e17327836f
16282,pubkey_xy,hex_dictionary,beef,33,5ad85836dc70362407482a1240a445d8cbeefe2cb4ba02a29d29d2676705dfd93817ccf225d736d1aa1a9e36128995bcb5c79d1f5638cd5bfdd03b62f308156b
16381,pubkey_xy,hex_dictionary,beef,48,8a340968a199e1c25385ea6b8ebf01994750bb6af8b21ebfbeefca1031e3518bb414ab3491987534305dd24f5b74b62c794a11dd5c41c84ad89765796bff67f0
16446,pubkey_xy,hex_dictionary,beef,68,1640d32fbe119cc81533ecd654de980677a536cdfa3b0133ce8297eadb11b08b7ee0beefb05a6888e43d6f9be0ee73c91a715cade4b7d1047c93d7f9c3cdcaf3
16449,hash160,hex_dictionary,beef,5,eef28beef97db5469a032fdffe6f42ad389980d0
16570,hash160,hex_dictionary,beef,19,7bfa6eba84337ce0af2beef7b10900c302f0dafd
16575,hash160,hex_dictionary,face,18,07ba9d40214f4df827face00ac8b6ede992e59b2
16584,hash160,hex_dictionary,1cfb,4,b9201cfb3e0e30eb65100a16aeb7272ada2bf196
16660,pubkey_xy,hex_dictionary,face,58,bfdafb055aa67da26308868da7b3647d9aa09fb921f218acf72d8d58ebface82ea82ddd8573c835f7954d179e6cff9172fa1d9fb6da83d175f6e054979204f03
16722,pubkey_xy,hex_dictionary,babe,7,0140cc7babe379a360e9ce018be7d6d57d8e8e07a7ea520df19d35bfe6d3e0a735c9626bbed65a8fba3d7bd938c1e391950b2bca5418f8edc102a75685a15414
16776,hash160,hex_dictionary,1cfb,7,c677c631cfb9f1abb263639dcf7967fd7bc0913f
16785,pubkey_xy,hex_dictionary,1cfb,53,137a328081f5a9bafb9c26f2bfdaf3fa3ea6214e2ef8e43ba2e5a1cfbec99c76f8d9c4ea14bc9bd77642c88cfff606de8f33028cbd0af88fdb6ac7f915a35290
16882,pubkey_xy,hex_dictionary,face,31,94b07a910943ffe3fbb7e8acac44c57face1ec0d161df60b7cd04a715a3c7338654e054a5b74dd2f914e9d4040eeab06a3a832dbc3601b68e8c89eddb7b75ced
17117,pubkey_xy,hex_dictionary,1cfb,69,6ea4520536d5846aa29b5a27dfc4245cc5fbbdeff34d33b1a4cfe59d36aea9847297a1cfb2b77f58f5d12d1dd37f243a6cb42a29c1bece448373e4b8380f735f
17281,pubkey_xy,hex_dictionary,cafe,91,9f2a4f7426c838891b38c4fc36653c328cea784bcedd54f2981ff6afedb4c31dbb83ebd2815315c4f2274af9150cafe761fe61ac4748bf3a094260661083c5fa
17292,pubkey_xy,hex_dictionary,1cfb,114,eae6e623a94b7552ada2d2dd1f75a67a5b2bc784a3da104f35e020e705ed56bce49a35c4949199f24f51318be4bb7b3728cab942c3c95a346a1cfb6c001f1a4d
17372,hash160,hex_dictionary,beef,0,beeffbbb3cdf7254ac27b5c30ad08317d5965d1c
17492,pubkey_xy,hex_dictionary,dead,48,453fc224ab0647a1ffd635b20702482602766b5b344a788fdead6bd28bcf8989af7a22671b726b6348e6abe349dc3cacce77eb4595a6696f2599e640bdcb87c5
17524,pubkey_xy,hex_dictionary,cafe,105,11c590925814a3b46857d37508bb51f2edecca3f42d1a1f8828e6dbe1597b70e02246dd80bc95fbc6d62fad300cce76d7860eb459cafe316bf8abc93e7caa5fa
17568,pubkey_xy,hex_dictionary,dead,105,12ec3c1d5bffc702130adc62dd0fdd1a363e9eef2770ffbd29a1d1f0fee518005193035f0fc7a3b3bd5a4a02cdbe99ed8ac555be7deadfa599e9f03119cbaaff
17800,pubkey_xy,hex_dictionary,face,97,bb6637281cb9ad98c24d67f7d5d1844602bd64de75f74d514e9129deeea9396e4c656a94b042a26e2c4fea9aa021f8e59facef06172ff3954b6385ad4f9e2522
17916,pubkey_xy,hex_dictionary,babe,8,118f9255babe934429623810ab63a66d22a27d287106f68d9b89d262abba201995a6276fc2dfcc24f8af2e94a21fbd7a5d39d9f83e0942209dc08afb1050fea4
17963,pubkey_xy,hex_dictionary,beef,109,1aa9581deb243b2fc9581761f646c28636e3fb6c5593337a7b3e2615e57ead1dffcef8740d7f3f2850b018090a4ae139c95b0940fa422beefb36a16b377f73e6
17996,pubkey_xy,hex_dictionary,1cfb,34,d08c6a8e136ca2d7f3a3e9ec2e480f13861cfb3ef1af31157d549e28bdd5f375b2ca1502adb3109f97d16328acc5626f5a355eecfd774d35802435b113dc0127
18241,pubkey_xy,hex_dictionary,dead,110,4647c79a453c20e607747fc6a7d1da327ebe9ee3769611b7e0fbad60eda311a279db7a345b12b72f63ea319b411d79e728fb4d78e210f2deadac62064b4c3823
18288,hash160,hex_dictionary,beef,26,7daf8a1924c17e5b30dce79e5cbeefe4b301a1bf
18296,pubkey_xy,hex_dictionary,dead,75,f8d12c87f64c96412b195b0d17db109bc105eaad4608f431322814fb55867cf18c680b69d52dead2c5038889218b6fb3340f8018e51ca2f92d2aa28e5e444e95
18317,hash160,hex_dictionary,beef,7,b561e53beef98fe287bbbb8d255babc8082a3960
18460,pubkey_xy,hex_dictionary,face,1,fface23b01014fec7d67744d64d2b1e72d7833398ef3ba462df3e72289036a7d110bd8a79346ed394bf7157764fba70025b425fe3fb2af7af392cfd0d0775d25
18547,hash160,hex_dictionary,beef,17,ccf3dce7cf89d9b86beef8ff73cc8be4418cb10a
18601,pubkey_xy,hex_dictionary,cafe,28,3109038b85c27d49c95b85169cfecafe2eb8e5bde9b5eab13f3d3490bec45a4dbbb2b399f650e77bb5c0d87f5ce59b4f3d13ad9e7e937cdb9ac7a4b5fbcbdf52
18637,pubkey_xy,hex_dictionary,dead,121,d2ba20e8e08cef04b89e7f27d6242e06a8ff7f70815d751c698a621953aee02ad8316de7b46827685e869eb9361cc82609d6fbd66e3a7b98a97f3fb52deaddc7
18921,pubkey_xy,hex_dictionary,cafe,84,bfc2dcbf965ba61450949e900336068fc16dfe281d07e7feb6e48178d0c332833f554a34c93aeccdde8bcafeda6c0d72aa3d511b0e1256901a1d6ed5fe60478a
18927,hash160,hex_dictionary,babe,35,c2535358a0cfb03a30e88aadc30727a4b1dbabe2
19068,pubkey_xy,hex_dictionary,beef,67,513ffc5853a685d6e6a3663564c63344f0454db1b650faf20094f1e88b8360d3724beef92e309298ee5765ff8c7f4ef08275c27d2ffe42c494c398023ce3e553
19091,pubkey_xy,hex_dictionary,1cfb,17,5658c12cba6a14ed21cfbbf1b405e3f003ae5dbd2d58d6c00604404f576d13987ac8bb42add7efb20d3828971176e523d104db63bcbcf9826fd59976704ecaf9
19486,pubkey_xy,hex_dictionary,beef,1,4beeff0966ab1a2242b8f8f464d53f8e609de2c63103d66918f82e5778d642691f6080fb996f1b3d298c1d420e77bba628bb7b041b3a23aa5f87f0c5fccae150
19739,pubkey_xy,hex_dictionary,babe,72,08ebe4a13c922628a06ded16d8be094ba3fdcc852fa5d46de9ede45743f2967430f21e2bbabe96591cb7767f81e2819e9ca81954416a839a5830f14636945857
19791,pubkey_xy,hex_dictionary,babe,91,91e8091c6794ab42f9d646e1c484c2f4d7ce559ce15d4a7f181988a5159e70579068648d7e24fb6536873c02c0ebabe30599defd0ed64f55e4240f85b35309ba
19841,pubkey_xy,hex_dictionary,cafe,5,81c07cafe53c1c55726a1146a3928630568db160ade05f47838363666f7e30812ea3179dbab275b75dcd291b0cc5e281fcae60974f71120306b71c94acd3acf9
19864,hash160,hex_dictionary,dead,10,f1dc5e4f95dead4f043d89121074724d0977f7dd
20010,pubkey_xy,hex_dictionary,cafe,89,10b42d6297fe90b1404a823028a8f0260169dda7c44d8b2977f9ee65e9eb4fabcf20cc84675ea01850078d872cafe01d2380bb34d8ec2611fc88e732417d3e5a
20150,pubkey_xy,hex_dictionary,dead,51,bd399c09f3efca8416bf785373d5d3e16631890e8d2b28d2d25deade642918984f9567868d1ad584de7eac10a011f9b175f93ae3f863ef767688bba4ff78a899
20151,hash160,repeated_hex,4444,0,4444d3f41c298cbe1fd6709164c3c94fb95a9ad8
20171,hash160,hex_dictionary,babe,34,53a600dee1474f14f215488984217834e8babee3
20276,pubkey_xy,hex_dictionary,beef,44,c386d175dac52acdaaa2d00b469542401a490442cdd5beef1ff80c9b1ba063c932221dd2d174639ebcc44cc54b417ca93314d1f968bafda880962c73e9c90ae7
20456,pubkey_xy,hex_dictionary,1cfb,120,e04bddd53f2e7919c8f53bd727a2ebd6fe2795b1226653898892b81f2bed97da0b6bef3aa8c697669a4adee14ff824da6e52690307a5557bc06e7ce31cfb613b
20475,pubkey_xy,hex_dictionary,dead,93,4847e918c86e77ece494711f6a6f4a1693b1ab03b7682345c82e1053978b40fa222ebdc794dd0edd0bf65d632ea25deadbbb8052d8476d8b3c4fe90b7c524b04
20561,pubkey_xy,hex_dictionary,babe,62,ae825342d5bfe13ffb4e370b475eab163be321dc373ef70357cae4555846dababe02f77f75b51fce41dddb86477b743b5ed9c346a9d3f3578e4c5c069d460fd7
20566,pubkey_xy,hex_dictionary,beef,28,3c764b611e81816ea86eb6918f55beef52393be284dcd0df0d84f40f6c6697aee469fa26601a19c393787b5175b04c6b76cc339bcd658878492ac1baa7792102
20621,hash160,hex_dictionary,1cfb,4,4e351cfb30000f46584713f87d32610aeba9e1f6
20622,pubkey_xy,hex_dictionary,cafe,43,f5feccb4909cf8e6411413da0c06686ac0e03177508cafe4f5b42c6c82058485a760fa0af94a73734091b87947be4bf8c9d6889f802ae4db7a61e8d072b194e7
20719,hash160,hex_dictionary,beef,6,d7908abeef22cbc4e72b1c6fe7b99b9d6018ad0c
20829,pubkey_xy,hex_dictionary,dead,68,13744d8f4eb2d932d48ea495133222c4758918d99f3eaab412bf4888a45d3c1416d6deadca2407199d0f74b7d45afd958ab57bdec212ea7466028cedfc560b35
20860,hash160,repeated_hex,5555,0,55558f91bf0a183877dc57cbaf504e5a9ccec180
21000,pubkey_xy,hex_dictionary,face,103,1b64e380c453a6af586a0f78c27ce54a59a2cbcec05403ba0463e875b1d60388b0a53ef210b93439ff55bc5381e8a00fcaa0f5bface96a2b960c3b6c3125bf44
21207,pubkey_xy,hex_dictionary,face,26,4706c1a76a27eb9dcb49c98265face0a4f2389f8877d94d2800d50a8ffef96a221fbf5765bfb9e37ec643c7b0739f56e4ddb8a093a14683f122d0a32f3f067db
21274,pubkey_xy,hex_dictionary,cafe,97,6de0a1fe0ed512373bed5b05179c0484e8f83c68cc3c02c3c84937113db5ab53262ad17a6d70b4e8fc50d16cfe11ea228cafe8a18f3e88941c93591e90650742
21302,pubkey_xy,hex_dictionary,beef,98,6acb4838d0079db2112dc1a3822edb61a8b1fea8bf695afdf68d574503323b7339cd80ff79f911cd765eaad7badbdccd40beef04b369ab60e00fdb38b757877b
21484,pubkey_xy,hex_dictionary,face,37,9c3843dfe511e1795bd7fda4afd478262e9f5faceec6295125f382d91677703bd65ad35fb80901138af4bd8afeeb92d4dbcb13e4a85780a9acfd1eb3b0726361
21493,pubkey_xy,hex_dictionary,beef,115,e2a56ca8690be7cc379bf3ac88f980ee98fb7453290089f83dc4b740eeb0f565551c9b29d4388b161adc9a98c24d89048294faaa00735d748eabeef1c4266144
21615,pubkey_xy,hex_dictionary,1cfb,36,90507db7ae8819d1b2a7a2a4db2d1b29c2241cfbdc04ed8583266718f49448ff74b42d9b1592de255502c063aeb2126de8a40ce35def4ebd581cc70bb3c0e0a6
21823,pubkey_xy,hex_dictionary,beef,48,7112a90073c2540845aab3e874cc2f899f4f0ec6e9ab5196beefc3acf524b8dd866378322686d8ce3c8a607854f9a30d00db487c31a912ac6d49613c12809833
21846,pubkey_xy,hex_dictionary,face,83,127ffbeb8034e2baf7bb2235d3777fb82edd20bdff5eb6a204e73f53d387fb7e49a4e72ac5f9d613389face056860380b83180a2ebfe9f76ec6dd5e776346f59
21897,pubkey_xy,hex_dictionary,beef,81,af3b0cae4351219b684e6a1c5b7567bec7ea425bba25aa64e318ad5ea2e677805f0b4a93a220128d8beefd5cc8c8dc7884515e7a44f4d410e1ab770f9923adc3
21912,pubkey_xy,hex_dictionary,beef,45,a198f4a7b81bfa8e9f2673022cdaa0f4bc86724506328beef891ad3f1e15a5d16c346eeecd9f2361e6e8c6940282e370400a20af3a6c48f8a00463500b6bfe0c
21980,pubkey_xy,hex_dictionary,1cfb,39,ba282ca41515fabb039729f55b2f9edc22389901cfba95bc14bbd7e0ec76aad13ad3a7826e6170e436ff7811813de183ec3f6b8e5031714213ad45e1967ed7a7
22128,hash160,hex_dictionary,dead,16,c6f088c31d31cb1ddead2611b543f0e5e4018ab1
22448,pubkey_xy,hex_dictionary,babe,73,7c50c62dc0a016cff6ee9c46c2b26698ba724952acc5eeb9da99cd067d67b388b3d90ed2ababe466683dca7eb1d29964979a50e1765b3780ba75757f6324ef70
22533,pubkey_xy,hex_dictionary,cafe,19,5f264b150b0aacd3902cafe5fe5706c5809af0073e769c7841353825c6dc175228adbe2c64cd50484040253708e409e3b22f71c8138513f44caefdf00b679315
22553,pubkey_xy,hex_dictionary,cafe,111,c06996a0c2a625209c107f58bd85f8b4360917c04dc32289a9789d67a7490cec08e991bc9232401390b60c3f013cb4c1308fda669844cb9cafe94f40d4fbf3fa
22568,hash160,hex_dictionary,beef,13,553c566e6d7e2beefc9667ad754a30e19379a05c
22834,pubkey_xy,hex_dictionary,face,65,50ddef9d09c93047d2f4153903b13eedadb4bb40d55ab9c8a0ffd3b7794c7b125facec3009cb6b322534ca159d356da958e85791e36523f71b258b1947973ad2
22871,pubkey_xy,hex_dictionary,babe,90,eb86c57e6b07582832ee106985e5548e6ca183689034ca20390e2a1b373c3cfce06893dea82ea848efaee22db4babeb3334b08ae39fa52089d20e33e00758157
22961,hash160,hex_dictionary,babe,34,f4614575ba1573f681c2d0c88a373cb084babe1d
23022,pubkey_xy,hex_dictionary,beef,65,3eabfa47c55fa379c321d0bd581fd5dbab5f11356c28a1e8248cbaf184d16c31abeef112b6b2c2a2f7c0538b0f20dcf2554379fe1a905fa9e3da19e31e11fbb1
23045,pubkey_xy,hex_dictionary,cafe,60,a89bea8ca3c6868a6d45a6453597c8d7aa5ad7a72933a882b061858eb326cafea259eda02b384af780208c3c662709537c26eb590dc1285cb9303f5279173217
23104,hash160,hex_dictionary,face,12,3643c8c968a1face49909864b897f09d67c86eff
23159,pubkey_xy,hex_dictionary,dead,44,9a0713343904f8ceb0ff91cae757ad481f6603352ca3dead8dffd6406504a609272bab9a2470aafce8ecefcdec027f3ef5043ffaf11f63285a44ecc398d57621
23185,pubkey_xy,hex_dictionary,beef,25,127248f60e0746b33d8de0072beef5b710f3d7c0485d5f2b9a474cc67a93414e860611b186bda4a61d675732dc8d41bfb891405fc1855873e1244e0b8aa729c1
23316,pubkey_xy,hex_dictionary,1cfb,20,e12c9be6ca51d2a6a2581cfbcca3084acdfdaa833fc2a201f3eeaa588c6e6f991bc12d56010610cb7dec9becbe70b15773efa143eb420e2f6ba57d574f55d750
23877,pubkey_xy,hex_dictionary,dead,9,df0f0fd5bdead9271fb23ff52bff3ddd6e4d8cfa269b2bd7cca936fc1afba14b2a6efe7d82a2957cfa83f3a2e6d689587a1b3215d960f324a58e6bf0ce2abb7f
24135,pubkey_xy,hex_dictionary,cafe,75,f03d4915e149947f650f5343cb348aaf2eba898bc49be876525e02231756eac60e2c174559bcafe8076369baf15eee46161e54cfff0076099604fb67194b93a8
24152,pubkey_xy,hex_dictionary,cafe,21,21a9db525d4ec06087ee6cafebea634d178cb1ec7f185dd355df94bd6064c8063ec59ad57c5ed270bdf63c826a274882d251f8197e0d7616e601d75e3315e5f9
24578,hash160,hex_dictionary,cafe,30,e3c3f45a17c09e6f8ea8b4c13b3397cafeb39ad7
24644,pubkey_xy,hex_dictionary,beef,70,3aba83b92a22ab4f19f0b7ff3125c4734ceae6f2a49094843194197f4fd76fdbb77385beef88906dc522a3eee8e568d5fba61447f6b350c43846933e502cafb4
25023,hash160,hex_dictionary,beef,30,1eac2b49f75a373bb140a1c8d925e6beef400052
25161,pubkey_xy,hex_dictionary,cafe,90,e4f0b373a14e0d75be43fc4ad10d42465c32c5061e30964647b1729b15b24dc013b8c738a9848bd841ef7d19fbcafef389f35a5be1a14bc55dfd66c9b5e00c57
25184,pubkey_xy,hex_dictionary,beef,16,45f58d47be7a2dd5beef7d8ef29d483ba4e4a1d131b2899335bd9c8258c097acdc3c188d52adedb735b2dfa0ecab85e902377ee779f3ec7a2e3ae1ec50d99fdb
25895,pubkey_xy,hex_dictionary,babe,113,d2de342ad9b8ba83e91c995a90dc1d80d414c471e9f06b31c0eda6fc3c13795da6acb61863f0b9a2e5a72d8f74f32fd661a0ce4ac652c3212babec7c48229080
25945,pubkey_xy,hex_dictionary,dead,59,9e8e86f2507adeed9563bc0d338d76706bcae34aa423383c7531dad1bcfdeaddabe744487564d5644ac6f6b667e683ac79ae7ecc40e775f5e4fce61a5dbc5745
25990,pubkey_xy,hex_dictionary,beef,54,64418b813e438fde59fea2d68bb8c82578f943be52501354a037d2beef1ae4f439015f2bc09fd2b2e13a8c016569a947445938f49d511329e1647ebf60921f84
26278,pubkey_xy,hex_dictionary,1cfb,111,f1635a487c806f168d70f60fcb75b245229e96fd09400f84be64b6ae5def5de54d43248aee4471ec7d7735c4737b0e22d2eaa505407723e1cfb7e5e26ce023c3
26473,pubkey_xy,hex_dictionary,beef,121,7bf28dc8c1e19a192659b1f0d2da9e2c8ba5a14f42b8a3c77e4571723da30cf0c0253fabf74330d85f2ac0a44328a4d203d395130554d59037423c44bbeefc44
26489,pubkey_xy,hex_dictionary,cafe,30,5cb5721d0c4bd130d1911d11f52536cafed4325a7cc67a27b8b6d5542ce2d2018a1161da5a0c4539e97f9ed577becd30377ea78b1eded8961ae8a4df8681db89
26701,pubkey_xy,hex_dictionary,babe,13,3a578b17d847fbabe1fa5124a6451697d3adb6295fccfd256ad79321a6d53acadbc7faa1eb51c1828845d05a2f555acd63d9783813159489b950362c1ecc0f23
26761,pubkey_xy,hex_dictionary,face,30,4b83703efa6b535444178329596f8ffacee07b305beffb8e625eaf7fd7adb69737e71d2ca27dc2cb0accdf9c9a0f861b827b238c74e1657051a995716b5a2587
27038,pubkey_xy,hex_dictionary,face,1,2face76649d9d84458a9d28f3993a584f275a8fe22dd17f4ecec0e4ae37062834b39e42621e818c5cf614aadbd7707cbe4498722bc60dd39338c0e65c9555160
27039,pubkey_xy,hex_dictionary,cafe,25,4bd0c0645191bba8cff774fe9cafe964149a9bc5a0fd6aefdb56fde81ac397ed111b61743134813765752d85ae2cb07a36a468b0c63f71e8a1dfb5a8d8f81e2f
27065,pubkey_xy,hex_dictionary,dead,24,35042f5ad40c1382f9c3ef5bdead2d7c67f1629d4a7a20ce1b522ec05139da808557d7556f2ae66da1f475403dd8e7491ac9e66ff4c3fc6a3b14ad5cc47abd5f
27122,hash160,hex_dictionary,face,18,727d6dadb2fc37e92efaced264da9967a0c21e18
27369,pubkey_xy,hex_dictionary,dead,46,abd237aefb69053338700f3e3f273283e4ff6c6c8efdeedeadef760898e871ffa6008abe1b7e726facf67d0db084cb55fd12c8d265b5a0200e95de6882ba54d1
27549,hash160,repeated_hex,8888,0,8888514779fb9e95b25f08d77452bdc61aa11a48
27778,hash160,hex_dictionary,babe,33,14bfb16698bef290fe0d18682e8a9fc66babeecf
27887,pubkey_xy,hex_dictionary,cafe,35,35fd10b0df200c7aca86ce8b1973344783ccafe8e1e40afe78e18fc765c4cdae3b33249fa2e7458aeb4a3d08ad022f29fe68cccbb7fb82093912b5b8b5042c40
28307,pubkey_xy,hex_dictionary,beef,19,a7344c4d483aa9529c8beef0a75f8161ec33190e43e38c4a1cd2ffdf23041c9e489d3ed9ca14fc31628e482266791738ceb2f8eb87ae8ccf09beb9bc4da4dc71
28346,pubkey_xy,hex_dictionary,babe,63,a252d7340da1e7164970079245080c0ff007f6e0e72a42af4c9537645e87535babe61dac56ec1aa11b47fdf5e66c6749cf546e472a43db9355e27d7696100f07
28562,pubkey_xy,hex_dictionary,beef,42,236d418dcc0e4fb4173f6b3997d702f0e24bfab119beef370aab67d85d88f35c8c77c9cbba5dee24bdc287ab094e9abb6c877e5653762f1063df8da23c13cc19
28589,pubkey_xy,hex_dictionary,1cfb,34,733e94b042c7f98ed67a269685817e6f571cfb75a67bca9236aea6e9b9aabcb03e06b69ce49eab779c0a034607c15bbc415e2b5595b71760b1d6fee45b698668
28677,hash160,hex_dictionary,beef,24,185ffd9adf55b69db7c15d64beefe02dd539e230
28910,pubkey_xy,hex_dictionary,beef,24,551930a07519c87770301426beef0da1d67ea14ca9d53dc08602f19f520cd6d47c867a527eba68e8583ff26682a17d50fb006bb9be1573b5d031402926387e17
29017,pubkey_xy,hex_dictionary,cafe,16,eed41d36bb2fd5f3cafe60ef285104c5ddf6a65c3ca387a553c0460baab4b8222aab6cfb1cd7318d1a44d375380c943028237c07f792373646a89e519521c2c4
29173,pubkey_xy,hex_dictionary,babe,111,64d78b007665ba30670b25184155217b362985997f9c7e0c1c7f974a999ddc378ac19bdfd868f3711f6332eff76ad1f92c372624af34a6ababedd90ff31c8e7c
29427,hash160,hex_dictionary,dead,4,512adead77c63071893d7deb9ecedf47bfe3dfcd
29653,pubkey_xy,hex_dictionary,beef,98,90373ee9d1bd6cfe16dc2fe8dc5acc702ea712c6b70cec603abbd82df5e290f5aecfb54ac742e6a931d871ea022f817b60beefdf1664fe1e0feee8729311687d
29734,pubkey_xy,hex_dictionary,cafe,36,f594d7f1e9b9dbdf41ceed4f695fb0cf3a6dcafe40cc783b764edabd03bb4c650ef2025bcda9d5da12c2aeb74b64c0ffc0d1e7349f8d40717fb677bf29bd3140
29738,pubkey_xy,hex_dictionary,dead,99,2d469014a1967514cb5e94b5b277dc2db02741bc8c8e80ef65f57e773178e6ff730040a6e3d20d929f27caee72bda52b5e3dead04a6468a6b15a4d4059ee49de
30016,pubkey_xy,hex_dictionary,cafe,27,1ad8be29c344bb98fe03bf0e880cafe67bc08b1f7245ec8d91fe215f0923dc66159332b825e29c2e86d72d6e65970f2b8fc9ac6d5622a4f24364e988d8e9920e
31441,pubkey_xy,hex_dictionary,face,1,afacecbeeb901b166d1a7fd8030b278bc8dce436b5b33f2e1b06c8db6897a07add9b6a684672841dc731515b3ae2e5ec772b11f9fd09d8612baf9c05ae366e1b
31563,pubkey_xy,hex_dictionary,beef,18,721d3cb4e317ea6c6fbeeff426a12d71f506b7a2f70413cbb29be28ef4d75ea1c170d6f28e208226a15311ed115f075ee2c3481121e872da4ca8499416a3f138
31811,pubkey_xy,hex_dictionary,cafe,29,fb411960b24bfad2a65a60022ac53cafe6e0171728ae212f3a51e3a4a94a271b7dcbbd70778140ab26a469ce77ee633c3ea103371b1d476d78faf62437590223
32294,pubkey_xy,hex_dictionary,1cfb,46,7f43d9316ed3f3d068d5dacab0e4d45a5befe3ad67036e1cfb88b43fc392577848b1120e498938c50697593238d273a359fdf675820afeeb507a9a9f8aaf9e14
32693,hash160,hex_dictionary,1cfb,0,1cfbb9f61ba7068d6dd809e5ebd874ee8d640ce0
33004,hash160,hex_dictionary,dead,23,bb2ec5402908f839e0b1690dead596f389e1a5ab
33126,pubkey_xy,hex_dictionary,beef,110,e74077c1f9dd5343725e01da02f07b1375aa9e27d5cf6cf793c31b1f88ec320dd1505d58196590c30e1033ee73ebc0c496233db04375c8beef0662a63c1f71cd
33531,pubkey_xy,hex_dictionary,beef,9,35e386b4dbeef9eb7569742ffd57657ef6f3a2fa7bef3b3f1a7e7797d2aa8eb80c560c043546d1ca6c8444ee0afa5e82800a2a10f7a3df19408f395f79935e3f
33797,hash160,hex_dictionary,dead,31,7b40d18d6d3db61b8857be80851365ddeade344e
33927,pubkey_xy,hex_dictionary,face,75,18fe1705e020d5688ab67fbb16015286ceeeadfbb100519c69237e9a1a219234bc4ec7d4f04facea0016279c08ff28f0c958e9bf178d35aa012c4d30903285c4
34519,pubkey_xy,hex_dictionary,1cfb,77,c3a995605c9f0ec29ff07738de2ab187d23f81c58ab1f3d5ae73f635eeb78b968d0901b9bfe7e1cfbc481fa07ca7e1458ab3a927030bb0814b3169d8722d021d
34684,pubkey_xy,hex_dictionary,babe,28,ba5d20ad9d31083a8aa95a93b455babe9faf2bd127def0b364f0618f04162feaff351799345987212a582d6d56ea6d656641704b57cc248ef13c4e5d71f422b2
34915,hash160,hex_dictionary,face,13,4aab30b2d8d74face58f0ba3df44fc0447ccc56c
35657,hash160,hex_dictionary,face,19,48b906cb1d79b384b61face394ef70245e44d488
35916,pubkey_xy,hex_dictionary,beef,12,9a4b7adc5e97beef999c1638ede923941a29d26503054615e9ef66bfc960fb3c82e7d8a6de1f07bbf8fd9da2d2c5ac2e28ceb547cf5ac7575660b03968d190e1
36153,pubkey_xy,hex_dictionary,dead,47,df940016f9e30d13af29075fbbd650a8d267a31814c5ad8dead8c2bf6d495fe9302d35538949408b22990094d9f866e074036f795bedf96abe5d86ce2389dab4
36183,hash160,hex_dictionary,dead,7,ffb9beddead09f338b990e253a39c7a2bdb1f8a2
36299,pubkey_xy,hex_dictionary,dead,118,c4128ca4a7664c5d916b2e064c13bb330771237bc69218ac915eeea9a6eb2f51b3d756dba49562df27f83c78eb08e996cefc3e9ff4ce1842824b55deade8d69d
36701,hash160,hex_dictionary,face,32,e5c3080c3db5efc6cc39c21e11f9bd46faceec61
36781,pubkey_xy,hex_dictionary,cafe,3,9b6cafecebc83865315a4b2edc15ea793bad841dcfe8bc6016426182973eb11c7e6da3a315f94d9516d4438f29bf4bfd77ea15de508353e4fb5030d2c940ad20
36980,hash160,hex_dictionary,cafe,36,b9dc1886299ce3e7412301ffd94b8beb49b4cafe
37120,pubkey_xy,hex_dictionary,cafe,10,680dfccfe1cafef9292ba447f714bef100a171573f3fd004248dac6a070070e8568ce7bb44cd630c7b1f928978c38fee57d17c6b859efa31f4bab6e8b51e0fc2
37168,hash160,hex_dictionary,cafe,36,d8b3d9431db2b94da2df734a2e6e3c7632e2cafe
37181,pubkey_xy,hex_dictionary,dead,55,caf0ab8f26d7fef0dfaf5217febfd3a07ec8e7f4cfaf22438987a08dead81a60f69e2eada45fa9168b6946f9ce38907fec7eb926c99a415d711483f961e533f0
38309,pubkey_xy,hex_dictionary,face,101,2d89b2c6aa6fd73d387e9b9da29b8559a3928dbfb4e310a04a6949bf4f9762a91139fed043404074395453a1d0fadfe9e2e45face965c5f16d1c551f20333f06
38504,pubkey_xy,hex_dictionary,cafe,86,a7b87e47438078e0187962965ab3d29bf8cf426f40b471a2238ed12a7db1fde195f956e01cb2c71a0613cfcafe0b6f72338ba80a978d6254115dc489090f40fd
38967,pubkey_xy,repeated_hex,888888,66,a3f71eb49c8d050e37cac0a9ce755741b39e236a03195af55bfb7a26e52623865788888823a0335d8d2c105c878db0eff51dc677981329f922a9d5e31b8f8e0b
39429,pubkey_xy,hex_dictionary,beef,115,f521cefe0ffcf83ffec850d795f0fa54f0610a6b840f64042b4735c34578ef82327f0e65fe05a4dff123933d71d6cfaff6e5aaa733f4a39fed6beef8aab2d6d1
40083,pubkey_xy,hex_dictionary,1cfb,23,d2a3a0420a2beb68371dcd31cfb3f2e6d522f1033bd7ec616fd1b678e9f177ed0498c037606ddf7a61e9c9b9122cce73c28787b94bd2a180cdfdbdd3ad4f21c4
40247,pubkey_xy,hex_dictionary,beef,104,6b26ec60d296603bd43146ac5d650121f40736e2a512d35d945002a3a5bc870f70adfcf00c8f7b0d5e6acd1aa89fa3a4547f0764beef011fa7a5f127c6d71d1d
40349,pubkey_xy,hex_dictionary,dead,53,7a02b3bab464f4a25636f318d8804bac0c5a73630b790ed149ea2dead631f89ba6ea4e462e38670b3d7afa27a02ff9a6aa8316ecc8d6680b3d1f477ed12790d1
41087,pubkey_xy,hex_dictionary,face,9,16907c2e2face97cb5ae2c283e6ea6e21ca505d3f16e5bf66a0bec5ab907ef753b55b6816b30928d8e6ddf9add48ef8eeea0e6c052800e11c3015f2e686fbc91
41545,pubkey_xy,hex_dictionary,cafe,31,160db934847c49dc292d2c2c9485fcdcafe14073bb75cc96f067b15cb59ffec7876ff620fd53909fc32f3c2b900495c1c76a1d6d0714da870b60ce7fdd5ba37f
41887,hash160,hex_dictionary,dead,4,c8eedead58a05d3f2eee5449691ca74fdcde4f35
41914,hash160,hex_dictionary,dead,16,448def7f03a827f6dead3a9200b4dea4dafedd8b
41932,hash160,hex_dictionary,cafe,17,648a9df05999cbc13cafee0d3e8a9818a29bfc05
42311,pubkey_xy,hex_dictionary,cafe,30,5285aa801842b462d40fe496da7a0dcafe4d78ee056799526ae5e7ddeb60b9584df0c960942dd8781e44595c84a2ea76557cdd2f2143a42f62f581af5a9e0d8d
42794,pubkey_xy,hex_dictionary,babe,59,3b27a9968fbff6bcc0512b1366372a3bacd382abc592da61c7d07995601babeb2c844d70f8d2c54b267ce53130bd2a38f2f7f24112e09cd7ba42222f2e0cb966
43239,pubkey_xy,hex_dictionary,babe,63,96fc1f8fdf1046273f4bd54a7ec19ac81b5b0bf8819541d2dd9e240498f68f4babeb667f97ae91b7a4d49983a535145daf9b96ee89573bfcf0a1fa7e81bc9922
43348,pubkey_xy,hex_dictionary,face,69,b328f676b9aec55a520423bb40998c789cfa2ea0ca8e11aeba6b11c23eac6fe0c473aface814f3f84e4de5a967a7c55913b296941ec4d0bea4424422e4206dd5
44093,pubkey_xy,hex_dictionary,babe,45,8aa4bf11a514da8cc3d565f9f2df3f6353ff2955616d7babeaf8eb80628641174f4066cf53e45bb8358483039f5900b433a7ae877f12620a88494458e4a7bbbb
44433,pubkey_xy,hex_dictionary,face,35,51465907d3387a3db2ba74d364862a9513fface120dd7fa130022a7931e414a0e5a6c4bea3291efded7b498c679238dd8102246cf6d9aef931486d85f253ad1a
44633,pubkey_xy,hex_dictionary,beef,94,f43328193e9c18193e104cc65e36003d34ea619b9afe4a2b8397b641763332c8d88f35391acf215d2c4d4b7ece4ed6beef96ea9cdb376365292bc82ca93a5d27
44645,pubkey_xy,hex_dictionary,dead,55,173085ef7050eefa1436b7e649fddbf7dfa8f153feca909cf2e7780dead6169ec45d56eefc94036b86956d1e6a2ad7109f34b222fc08fd16a565b9514149ab54
45324,pubkey_xy,hex_dictionary,babe,33,bbe31a04e9564e2dde39bb3c8635fbef6babedd438b251a11bc996b0a52da3d145ea8bb8b03baad4cd69320158c917a526d45bfa02bf7e52bbf3edfc62646996
45618,pubkey_xy,hex_dictionary,cafe,58,5cf61f63b81fcaf7f0f15ca6d867d27a0c3a20477a990cbe01e67f3767cafe8696cdc0048d5fda92a68234ed456dabca7ceee02519f00114d1f609ddf926ba13
46528,pubkey_xy,hex_dictionary,1cfb,31,10f4f4999999ede85cbfec4c3f018a01cfb6f34e8b18c49bd5458b63ea4ef153aa26a36a4d9cf7e79cb32f373e5ce75bf171e9072a61fd32fa541e576ed8fb83
46528,pubkey_xy,repeated_hex,999999,6,10f4f4999999ede85cbfec4c3f018a01cfb6f34e8b18c49bd5458b63ea4ef153aa26a36a4d9cf7e79cb32f373e5ce75bf171e9072a61fd32fa541e576ed8fb83
46893,pubkey_xy,hex_dictionary,face,51,b6a786a953d6b52e1600482101e37ec1bee55759d230d017501face3e3a6653f67f7c549cf9411127d18e858b89a59edc7b81102c2340736293036ec4a5bc43b
46993,pubkey_xy,hex_dictionary,cafe,107,19a69b76171eb14729054345e9e64fab194041910e7e5069d197468690800a608352ca5d4505a8a186f89ee8f12355be4a0059d44b0cafeb852f6ca0ef465aee
47626,pubkey_xy,hex_dictionary,babe,65,cab056b1743a17465e8de5b273ec3d803dd5f138ee96721967efb68486e1ff809babe547fe885239ef96433357f0e8674847c5d9835db1299301052c9c1a3465
48389,pubkey_xy,hex_dictionary,cafe,91,8e1d8259aa45aed140240470016e50035729df5004d4a6a144396b850a71428913e214be7c61e496984fdb3e468cafee96bbce9355765a27e0f2b8dcdeb8cdcc
48588,pubkey_xy,hex_dictionary,dead,72,da3538e969cce62e0ee3ed92bb11aebe4e5c1aa220cb219fd0e36e6c824675c93d7eaf78dead78042e3023286b9f69ed7cb3fb01d0e156e97c671340505457ef
