heights,listed_in_band,listed_low_share,other_miner_in_band,other_miner_low_share
0-2499,2032,0.191,58,0.19
2500-4999,1732,0.191,110,0.2
5000-7499,1983,0.189,83,0.193
7500-9999,1873,0.204,113,0.204
10000-12499,1917,0.193,101,0.198
12500-14999,1754,0.194,105,0.219
15000-17499,1858,0.178,114,0.202
17500-19999,1648,0.22,143,0.203
20000-22499,1497,0.168,196,0.204
22500-24999,1393,0.039,176,0.227
25000-27499,678,0.378,284,0.208
27500-29999,775,0.497,268,0.183
30000-32499,442,0.507,303,0.244
32500-34999,450,0.467,364,0.168
35000-37499,326,0.466,377,0.164
37500-39999,305,0.505,378,0.204
40000-42499,302,0.497,369,0.192
42500-44999,359,0.499,353,0.227
45000-47499,376,0.511,323,0.226
47500-49999,241,0.519,298,0.252
