height,extra_nonce,previous_listed,previous_listed_extra_nonce,counter_below_previous_listed,robust_core
29,13,27,16,True,True
168,3,167,4,True,False
170,2,167,4,True,False
172,6,171,14,True,False
174,19,173,21,True,False
175,7,173,21,True,False
176,18,173,21,True,False
188,3,187,26,True,False
189,11,187,26,True,False
190,10,187,26,True,False
192,13,191,33,True,False
193,15,191,33,True,True
194,17,191,33,True,True
195,26,191,33,True,True
196,28,191,33,True,True
197,31,191,33,True,True
2132,6,2131,41,True,False
2133,9,2131,41,True,True
2134,17,2131,41,True,False
2135,19,2131,41,True,True
2137,22,2131,41,True,True
2138,23,2131,41,True,True
2139,27,2131,41,True,True
2140,34,2131,41,True,True
2141,40,2131,41,True,True
14450,14,14449,12,False,True
17973,523,17972,346,False,False
18039,28,18037,51,True,False
18040,37,18037,51,True,False
18041,48,18037,51,True,False
18043,52,18042,56,True,False
25033,4,25032,74,True,False
25035,12,25032,74,True,True
25036,18,25032,74,True,True
25039,30,25032,74,True,True
25040,31,25032,74,True,True
25044,37,25032,74,True,True
25050,70,25032,74,True,False
25374,50,25373,1156,True,False
25387,128,25386,1161,True,False
25388,171,25386,1161,True,False
25430,171,25427,1252,True,False
25602,387,25599,186,False,False
25655,10,25648,251,True,False
25673,21,25660,263,True,False
25677,31,25676,279,True,False
25679,45,25676,279,True,False
25681,50,25676,279,True,True
25686,55,25676,279,True,True
25688,59,25676,279,True,True
25692,65,25676,279,True,False
25694,80,25676,279,True,False
25697,82,25676,279,True,False
25704,88,25676,279,True,True
25714,15,25676,279,True,False
25724,20,25716,319,True,False
25727,25,25716,319,True,True
25730,30,25716,319,True,True
25732,32,25716,319,True,False
25817,23,25816,39,True,False
26341,6,26332,422,True,True
26407,25,26404,355,True,False
26601,12,26593,1390,True,True
26660,273,26655,230,False,True
26662,277,26655,230,False,False
26663,286,26655,230,False,True
26667,287,26655,230,False,True
26668,291,26655,230,False,False
26671,301,26655,230,False,False
26677,303,26655,230,False,True
26680,307,26655,230,False,False
26683,315,26655,230,False,False
26817,20,26813,115,True,False
26822,11,26813,115,True,False
26823,37,26813,115,True,False
26828,66,26813,115,True,True
26834,74,26813,115,True,True
26837,76,26813,115,True,False
26840,105,26813,115,True,False
26873,47,26857,155,True,True
26875,52,26857,155,True,False
26879,80,26857,155,True,False
26884,13,26857,155,True,False
26886,27,26857,155,True,True
26889,30,26857,155,True,True
26890,34,26857,155,True,True
26893,36,26857,155,True,False
26894,56,26857,155,True,True
26898,63,26857,155,True,False
26899,81,26857,155,True,False
26900,88,26857,155,True,False
26902,94,26857,155,True,False
26909,139,26857,155,True,True
27302,66,27297,2359,True,False
27474,101,27473,92,False,False
27475,112,27473,92,False,False
27476,118,27473,92,False,True
27477,123,27473,92,False,True
27478,132,27473,92,False,False
