episode,height,time,role,extra_nonce,nonce_lsb,band,spent,phase6_posterior,gap_to_previous_s
2009-01-11/12,150,2009-01-11 18:02:24,listed,166,25,True,False,0.98135,578
2009-01-11/12,151,2009-01-11 18:13:41,listed,174,1,True,False,0.98135,677
2009-01-11/12,152,2009-01-11 18:25:09,listed,183,48,True,False,0.98135,688
2009-01-11/12,153,2009-01-11 18:38:01,listed,185,28,True,False,0.98135,772
2009-01-11/12,154,2009-01-11 18:53:28,listed,189,8,True,False,0.98135,927
2009-01-11/12,155,2009-01-11 19:00:34,listed,196,23,True,False,0.98135,426
2009-01-11/12,156,2009-01-11 19:09:40,listed,203,52,True,False,0.98135,546
2009-01-11/12,157,2009-01-11 19:18:58,listed,210,32,True,False,0.98135,558
2009-01-11/12,158,2009-01-11 19:32:37,listed,212,1,True,False,0.98135,819
2009-01-11/12,159,2009-01-11 19:36:58,listed,213,21,True,False,0.98135,261
2009-01-11/12,160,2009-01-11 19:51:06,listed,214,55,True,False,0.98135,848
2009-01-11/12,161,2009-01-11 20:03:17,listed,217,47,True,False,0.98135,731
2009-01-11/12,162,2009-01-11 20:07:44,listed,219,3,True,False,0.83416,267
2009-01-11/12,163,2009-01-11 23:01:57,second_sequence,12,0,True,False,0.83416,10453
2009-01-11/12,164,2009-01-11 23:09:07,second_sequence,8,20,True,False,0.83416,430
2009-01-11/12,165,2009-01-11 23:24:05,second_sequence,1,40,True,False,0.83416,898
2009-01-11/12,166,2009-01-11 23:25:29,listed,1,3,True,False,0.08456,84
2009-01-11/12,167,2009-01-11 23:31:51,listed,4,45,True,False,0.08456,382
2009-01-11/12,168,2009-01-11 23:39:41,second_sequence,3,42,True,False,0.98135,470
2009-01-11/12,169,2009-01-12 03:22:03,other,1,43,True,False,0.08456,13342
2009-01-11/12,170,2009-01-12 03:30:25,second_sequence,2,40,True,False,0.98135,502
2009-01-11/12,171,2009-01-12 03:36:41,listed,14,7,True,False,0.98135,376
2009-01-11/12,172,2009-01-12 03:44:13,second_sequence,6,53,True,False,0.98135,452
2009-01-11/12,173,2009-01-12 03:50:45,listed,21,33,True,False,0.08456,392
2009-01-11/12,174,2009-01-12 04:01:01,second_sequence,19,50,True,False,0.98135,616
2009-01-11/12,175,2009-01-12 04:17:56,second_sequence,7,34,True,False,0.98135,1015
2009-01-11/12,176,2009-01-12 04:39:02,second_sequence,18,9,True,False,0.98135,1266
2009-01-11/12,177,2009-01-12 05:02:37,listed,22,9,True,False,0.98135,1415
2009-01-11/12,178,2009-01-12 05:12:11,other,5,49,True,False,0.08456,574
2009-01-11/12,179,2009-01-12 05:26:45,listed,22,55,True,False,0.98135,874
2009-01-11/12,180,2009-01-12 05:50:52,listed,31,19,True,False,0.98135,1447
2009-01-11/12,181,2009-01-12 06:02:13,listed,40,25,True,False,0.98135,681
2009-01-11/12,182,2009-01-12 06:12:16,listed,41,44,True,False,0.98135,603
2009-01-11/12,183,2009-01-12 06:34:22,listed,42,19,True,False,0.83416,1326
2009-01-11/12,184,2009-01-12 06:49:09,listed,2,46,True,False,0.83416,887
2009-01-11/12,185,2009-01-12 06:59:38,listed,17,27,True,False,0.98135,629
2009-01-11/12,186,2009-01-12 07:01:09,other,2,176,False,False,0.00023,91
2009-01-11/12,187,2009-01-12 07:16:40,listed,26,27,True,False,0.08456,931
2009-01-11/12,188,2009-01-12 07:22:17,second_sequence,3,25,True,False,0.98135,337
2009-01-11/12,189,2009-01-12 07:26:29,second_sequence,11,38,True,False,0.98135,252
2009-01-11/12,190,2009-01-12 07:31:41,second_sequence,10,5,True,False,0.98135,312
2009-01-11/12,191,2009-01-12 07:32:14,listed,33,37,True,False,0.08456,33
2009-01-11/12,192,2009-01-12 07:59:24,second_sequence,13,31,True,False,0.98135,1630
2009-01-11/12,193,2009-01-12 08:04:15,second_sequence,15,27,True,False,0.98135,291
2009-01-11/12,194,2009-01-12 08:10:44,second_sequence,17,53,True,False,0.98135,389
2009-01-11/12,195,2009-01-12 08:33:45,second_sequence,26,49,True,False,0.98135,1381
2009-01-11/12,196,2009-01-12 08:47:26,second_sequence,28,50,True,False,0.98135,821
2009-01-11/12,197,2009-01-12 09:08:32,second_sequence,31,37,True,False,0.98135,1266
2009-01-11/12,198,2009-01-12 09:22:41,listed,36,29,True,False,0.98135,849
2009-01-11/12,199,2009-01-12 09:32:37,listed,48,24,True,False,0.98135,596
2009-01-11/12,200,2009-01-12 09:38:40,listed,56,6,True,False,0.98135,363
2009-01-11/12,201,2009-01-12 09:50:37,listed,59,22,True,False,0.98135,717
2009-01-11/12,202,2009-01-12 10:09:04,listed,60,40,True,False,0.98135,1107
2009-01-11/12,203,2009-01-12 10:31:36,listed,68,42,True,False,0.98135,1352
2009-01-11/12,204,2009-01-12 10:37:18,other,13,103,False,False,0.00023,342
2009-01-11/12,205,2009-01-12 10:46:11,listed,70,7,True,False,0.98135,533
2009-01-11/12,206,2009-01-12 10:52:57,other,14,121,False,False,0.00023,406
2009-01-11/12,207,2009-01-12 10:58:29,listed,84,28,True,False,0.98135,332
2009-01-11/12,208,2009-01-12 11:09:07,listed,88,46,True,False,0.98135,638
2009-01-11/12,209,2009-01-12 11:21:56,listed,90,23,True,False,0.98135,769
2009-01-11/12,210,2009-01-12 11:25:13,other,18,122,False,False,0.00023,197
2009-01-28/29,2120,2009-01-28 14:02:26,listed,986,30,True,False,0.98135,390
2009-01-28/29,2121,2009-01-28 14:08:43,listed,987,49,True,False,0.98135,377
2009-01-28/29,2122,2009-01-28 14:21:06,listed,989,54,True,False,0.98135,743
2009-01-28/29,2123,2009-01-28 14:36:56,listed,1017,29,True,False,0.98135,950
2009-01-28/29,2124,2009-01-28 14:51:39,listed,1021,24,True,False,0.98135,883
2009-01-28/29,2125,2009-01-28 15:07:13,listed,1032,4,True,False,0.98135,934
2009-01-28/29,2126,2009-01-28 15:14:36,listed,1036,39,True,False,0.83416,443
2009-01-28/29,2127,2009-01-28 15:20:53,other,955,153,False,True,0.0,377
2009-01-28/29,2128,2009-01-28 15:51:25,listed,1,30,True,False,0.83416,1832
2009-01-28/29,2129,2009-01-28 16:03:59,listed,18,28,True,False,0.98135,754
2009-01-28/29,2130,2009-01-28 16:14:08,other,24,193,False,True,0.0,609
2009-01-28/29,2131,2009-01-28 16:19:49,listed,41,51,True,False,0.08456,341
2009-01-28/29,2132,2009-01-28 16:44:53,second_sequence,6,42,True,False,0.98135,1504
2009-01-28/29,2133,2009-01-28 16:54:10,second_sequence,9,7,True,False,0.98135,557
2009-01-28/29,2134,2009-01-28 17:08:13,second_sequence,17,46,True,False,0.98135,843
2009-01-28/29,2135,2009-01-28 17:33:17,second_sequence,19,21,True,False,0.98135,1504
2009-01-28/29,2136,2009-01-28 17:35:41,other,58,140,False,False,0.00023,144
2009-01-28/29,2137,2009-01-28 17:54:51,second_sequence,22,9,True,False,0.98135,1150
2009-01-28/29,2138,2009-01-28 18:10:53,second_sequence,23,5,True,False,0.98135,962
2009-01-28/29,2139,2009-01-28 18:22:50,second_sequence,27,3,True,False,0.98135,717
2009-01-28/29,2140,2009-01-28 18:47:21,second_sequence,34,26,True,False,0.98135,1471
2009-01-28/29,2141,2009-01-28 19:11:25,second_sequence,40,47,True,False,0.98135,1444
2009-01-28/29,2142,2009-01-28 19:17:12,listed,42,23,True,False,0.98135,347
2009-01-28/29,2143,2009-01-28 19:32:22,listed,54,39,True,False,0.98135,910
2009-01-28/29,2144,2009-01-28 19:45:52,listed,88,56,True,False,0.98135,810
2009-01-28/29,2145,2009-01-28 20:00:16,listed,95,35,True,False,0.98135,864
2009-01-28/29,2146,2009-01-28 20:18:05,listed,99,44,True,False,0.98135,1069
2009-01-28/29,2147,2009-01-28 20:22:34,other,59,34,True,True,0.0,269
2009-01-28/29,2148,2009-01-28 20:24:13,other,93,116,False,True,0.0,99
2009-01-28/29,2149,2009-01-28 20:35:13,listed,121,50,True,False,0.98135,660
2009-01-28/29,2150,2009-01-28 20:50:45,listed,125,40,True,False,0.98135,932
2009-01-28/29,2151,2009-01-28 20:56:31,listed,128,37,True,False,0.98135,346
2009-01-28/29,2152,2009-01-28 21:18:54,other,46,102,False,True,0.0,1343
2009-01-28/29,2153,2009-01-28 21:22:27,listed,137,1,True,False,0.98135,213
2009-01-28/29,2154,2009-01-28 21:25:35,other,982,206,False,True,0.0,188
2009-01-28/29,2155,2009-01-28 21:28:31,listed,138,47,True,False,0.98135,176
2009-01-28/29,2156,2009-01-28 21:45:17,listed,141,19,True,False,0.98135,1006
2009-01-28/29,2157,2009-01-28 22:07:12,listed,142,45,True,False,0.98135,1315
2009-01-28/29,2158,2009-01-28 22:14:05,other,51,235,False,True,0.0,413
2009-01-28/29,2159,2009-01-28 22:23:31,listed,147,5,True,False,0.98135,566
2009-01-28/29,2160,2009-01-28 22:34:11,listed,162,9,True,False,0.98135,640
2009-01-28/29,2161,2009-01-28 22:36:52,other,111,44,True,True,0.0,161
2009-01-28/29,2162,2009-01-28 22:51:27,listed,165,44,True,False,0.98135,875
2009-01-28/29,2163,2009-01-28 23:01:49,other,235,82,False,True,0.0,622
2009-01-28/29,2164,2009-01-28 23:18:07,listed,178,38,True,False,0.98135,978
2009-01-28/29,2165,2009-01-28 23:21:49,other,115,18,False,True,0.0,222
2009-01-28/29,2166,2009-01-28 23:31:39,listed,188,20,True,False,0.98135,590
2009-01-28/29,2167,2009-01-28 23:58:50,listed,201,55,True,False,0.98135,1631
2009-01-28/29,2168,2009-01-29 00:07:41,listed,213,26,True,False,0.98135,531
2009-01-28/29,2169,2009-01-29 00:18:05,listed,220,27,True,False,0.98135,624
2009-01-28/29,2170,2009-01-29 00:39:47,listed,222,34,True,False,0.98135,1302
2009-01-28/29,2171,2009-01-29 00:59:41,listed,228,38,True,False,0.83416,1194
2009-01-28/29,2172,2009-01-29 01:28:38,second_sequence,11,33,True,False,0.83416,1737
2009-01-28/29,2173,2009-01-29 01:48:44,listed,4,28,True,False,0.83416,1206
2009-01-28/29,2174,2009-01-29 02:07:29,listed,7,48,True,False,0.98135,1125
2009-01-28/29,2175,2009-01-29 02:14:48,listed,8,41,True,False,0.98135,439
2009-01-28/29,2176,2009-01-29 02:25:05,other,88,175,False,True,0.0,617
2009-01-28/29,2177,2009-01-29 02:27:38,listed,9,6,True,False,0.98135,153
2009-01-28/29,2178,2009-01-29 02:48:35,other,90,136,False,True,0.0,1257
2009-01-28/29,2179,2009-01-29 02:48:55,listed,11,6,True,False,0.98135,20
2009-01-28/29,2180,2009-01-29 03:11:55,listed,12,28,True,False,0.98135,1380
