height,tier,transactions,count_ok,in_block_dependencies,stock_order_matches_merkle_root,one_pass_sorted_matches,reverse_byte_sorted_matches
546,listed_uncontradicted,4,True,4,True,False,False
586,listed_uncontradicted,3,True,0,True,True,True
2812,listed_uncontradicted,6,True,4,True,False,False
2813,other_miner,6,True,4,True,False,False
2817,listed_uncontradicted,4,True,4,True,False,False
3309,listed_uncontradicted,4,True,1,True,True,True
5217,listed_uncontradicted,3,True,0,True,True,False
5219,other_miner,3,True,1,True,True,True
6156,listed_uncontradicted,3,True,0,True,True,True
6764,listed_uncontradicted,3,True,0,True,True,False
7939,listed_uncontradicted,3,True,0,True,True,True
8315,no_patoshi_evidence,3,True,0,True,True,False
9006,unresolved,4,True,0,True,True,False
9962,listed_uncontradicted,3,True,0,True,True,False
11408,listed_uncontradicted,3,True,0,True,True,False
12304,listed_uncontradicted,3,True,0,True,True,False
13174,listed_uncontradicted,3,True,1,True,True,True
14324,other_miner,3,True,1,True,False,False
14461,other_miner,3,True,1,True,True,True
21563,listed_uncontradicted,4,True,2,True,False,False
24434,listed_uncontradicted,3,True,1,True,True,True
26814,other_miner,3,True,0,True,True,False
26816,other_miner,5,True,3,True,False,False
26817,added_probable,3,True,1,True,True,True
29129,listed_uncontradicted,3,True,0,True,True,True
29169,other_miner,3,True,0,True,True,True
29170,listed_uncontradicted,3,True,1,True,True,True
34402,other_miner,3,True,1,True,False,False
35637,other_miner,6,True,4,True,False,False
35992,other_miner,3,True,1,True,False,False
36236,other_miner,3,True,1,True,True,True
36405,other_miner,3,True,1,True,True,False
36516,other_miner,3,True,1,True,True,False
37303,listed_uncontradicted,3,True,0,True,True,False
37514,other_miner,3,True,0,True,True,False
38004,listed_uncontradicted,3,True,0,True,True,True
38353,other_miner,3,True,1,True,False,True
38552,other_miner,13,True,0,True,True,False
39067,other_miner,3,True,1,True,True,True
39413,other_miner,4,True,0,True,True,False
39724,other_miner,3,True,1,True,True,True
40034,no_patoshi_evidence,3,True,0,True,True,True
40300,no_patoshi_evidence,4,True,1,True,True,False
40464,no_patoshi_evidence,3,True,0,True,True,True
40815,listed_uncontradicted,3,True,1,True,False,False
40858,other_miner,5,True,1,True,False,False
41875,other_miner,3,True,0,True,True,False
41943,other_miner,3,True,0,True,True,True
42644,unresolved,3,True,1,True,False,False
43026,other_miner,3,True,1,True,False,False
43281,other_miner,3,True,0,True,True,False
44007,other_miner,4,True,0,True,True,False
44264,other_miner,3,True,1,True,True,True
44734,other_miner,4,True,1,True,False,False
45332,other_miner,3,True,1,True,True,True
45800,unresolved,3,True,1,True,False,True
45829,listed_uncontradicted,3,True,0,True,True,True
46121,other_miner,3,True,0,True,True,False
46179,other_miner,5,True,3,True,False,False
46241,other_miner,3,True,0,True,True,False
46469,other_miner,3,True,1,True,False,True
46559,unresolved,3,True,0,True,True,True
46859,other_miner,4,True,2,True,False,False
46863,no_patoshi_evidence,3,True,0,True,True,True
47038,other_miner,3,True,0,True,True,False
47062,unresolved,3,True,1,True,True,False
47068,no_patoshi_evidence,3,True,0,True,True,True
47136,no_patoshi_evidence,3,True,0,True,True,False
47163,other_miner,3,True,0,True,True,True
47248,other_miner,4,True,0,True,True,False
47273,other_miner,3,True,0,True,True,False
47419,other_miner,3,True,0,True,True,True
47642,other_miner,3,True,0,True,True,False
47805,no_patoshi_evidence,4,True,0,True,True,False
47811,other_miner,3,True,0,True,True,True
48005,other_miner,3,True,0,True,True,True
48075,other_miner,3,True,0,True,True,True
48133,other_miner,3,True,0,True,True,True
48298,other_miner,3,True,0,True,True,True
48453,other_miner,4,True,0,True,True,False
48810,other_miner,3,True,0,True,True,True
48918,other_miner,3,True,0,True,True,True
49076,listed_uncontradicted,9,True,4,True,False,False
49091,no_patoshi_evidence,4,True,0,True,True,True
49255,other_miner,3,True,0,True,True,True
49396,other_miner,3,True,0,True,True,True
49594,other_miner,3,True,0,True,True,True
49597,other_miner,3,True,0,True,True,False
49642,other_miner,4,True,0,True,True,True
49755,other_miner,3,True,0,True,True,True
49819,no_patoshi_evidence,3,True,1,True,False,False
49820,other_miner,7,True,4,True,False,False
49821,other_miner,5,True,1,True,False,False
49823,other_miner,5,True,2,True,False,False
49884,no_patoshi_evidence,4,True,0,True,True,False
49890,other_miner,3,True,0,True,True,True
49898,no_patoshi_evidence,3,True,0,True,True,False
49929,other_miner,5,True,0,True,True,False
49995,unresolved,3,True,0,True,True,True
50001,no_patoshi_evidence,3,True,0,True,True,False
50083,other_miner,3,True,0,True,True,False
50091,other_miner,4,True,1,True,False,True
50139,other_miner,3,True,1,True,False,False
50161,no_patoshi_evidence,3,True,0,True,True,False
50193,other_miner,3,True,0,True,True,True
50213,other_miner,4,True,0,True,True,True
50248,other_miner,3,True,0,True,True,False
50259,other_miner,4,True,1,True,True,False
50265,other_miner,3,True,0,True,True,False
50271,unresolved,5,True,0,True,True,False
50280,other_miner,3,True,1,True,False,False
50296,other_miner,3,True,0,True,True,True
50301,no_patoshi_evidence,4,True,0,True,True,False
50339,other_miner,3,True,0,True,True,False
50346,other_miner,3,True,1,True,False,False
50359,other_miner,3,True,0,True,True,True
50413,other_miner,6,True,0,True,True,False
50424,other_miner,4,True,0,True,True,True
50425,other_miner,3,True,0,True,True,True
50471,no_patoshi_evidence,4,True,0,True,True,False
50509,no_patoshi_evidence,3,True,1,True,True,False
50634,other_miner,3,True,0,True,True,True
50638,no_patoshi_evidence,5,True,0,True,True,False
50640,other_miner,3,True,0,True,True,False
50680,no_patoshi_evidence,3,True,0,True,True,False
50706,no_patoshi_evidence,3,True,0,True,True,False
50713,no_patoshi_evidence,3,True,0,True,True,True
50772,unresolved,3,True,0,True,True,False
50776,no_patoshi_evidence,4,True,0,True,True,False
50784,no_patoshi_evidence,5,True,2,True,True,False
50847,no_patoshi_evidence,4,True,0,True,True,False
50864,other_miner,3,True,0,True,True,True
50865,other_miner,4,True,0,True,True,False
50884,other_miner,4,True,0,True,True,False
50886,no_patoshi_evidence,4,True,1,True,True,False
50889,no_patoshi_evidence,32,True,30,True,False,False
50923,added_probable,4,True,0,True,True,False
50960,other_miner,6,True,0,True,True,False
51031,other_miner,3,True,0,True,True,False
51049,no_patoshi_evidence,7,True,3,True,False,False
51080,other_miner,3,True,1,True,True,False
51155,other_miner,3,True,0,True,True,True
51162,other_miner,6,True,0,True,True,False
51172,added_probable,3,True,0,True,True,False
51224,other_miner,3,True,0,True,True,False
51232,other_miner,3,True,0,True,True,True
51255,no_patoshi_evidence,4,True,1,True,False,False
51386,unresolved,5,True,0,True,True,False
51408,added_probable,4,True,1,True,False,True
51426,other_miner,4,True,0,True,True,False
51427,no_patoshi_evidence,3,True,0,True,True,True
51494,other_miner,3,True,0,True,True,False
51536,other_miner,3,True,0,True,True,False
51538,other_miner,3,True,0,True,True,False
51580,other_miner,3,True,0,True,True,True
51622,no_patoshi_evidence,4,True,2,True,False,False
51628,other_miner,7,True,3,True,False,False
51633,other_miner,3,True,1,True,False,True
51635,other_miner,3,True,0,True,True,False
51646,other_miner,4,True,1,True,True,False
51647,no_patoshi_evidence,4,True,1,True,False,False
51650,added_robust,4,True,1,True,True,False
51653,other_miner,5,True,2,True,False,False
51660,no_patoshi_evidence,3,True,0,True,True,True
51663,other_miner,3,True,1,True,True,True
51672,no_patoshi_evidence,3,True,0,True,True,True
51728,added_robust,379,True,373,True,False,False
51729,other_miner,628,True,622,True,False,False
51730,unresolved,114,True,111,True,False,False
51731,no_patoshi_evidence,88,True,86,True,False,False
51732,other_miner,3,True,1,True,False,True
51733,other_miner,19,True,17,True,False,False
51734,other_miner,399,True,395,True,False,False
51735,other_miner,163,True,161,True,False,False
51736,unresolved,20,True,18,True,False,False
51737,added_robust,202,True,199,True,False,False
51738,other_miner,155,True,152,True,False,False
51739,no_patoshi_evidence,93,True,91,True,False,False
51740,unresolved,42,True,40,True,False,False
51741,other_miner,707,True,702,True,False,False
51742,other_miner,41,True,39,True,False,False
51763,added_probable,5,True,1,True,False,False
51773,other_miner,4,True,0,True,True,False
51778,unresolved,3,True,0,True,True,False
51805,other_miner,3,True,0,True,True,False
51809,added_probable,3,True,0,True,True,False
51837,added_probable,6,True,0,True,True,False
51862,other_miner,5,True,0,True,True,False
51874,no_patoshi_evidence,4,True,0,True,True,False
51887,no_patoshi_evidence,3,True,0,True,True,True
51973,other_miner,3,True,1,True,False,False
52032,other_miner,3,True,1,True,False,True
52048,added_probable,4,True,1,True,False,True
52051,other_miner,3,True,0,True,True,True
52107,added_robust,3,True,0,True,True,True
52108,other_miner,4,True,0,True,True,False
52123,other_miner,4,True,2,True,False,True
52139,other_miner,3,True,0,True,True,True
52163,other_miner,3,True,0,True,True,True
52218,other_miner,4,True,0,True,True,False
52223,unresolved,4,True,1,True,True,True
52224,unresolved,3,True,0,True,True,True
52313,added_probable,3,True,0,True,True,False
52331,other_miner,3,True,0,True,True,True
52340,other_miner,4,True,0,True,True,False
52352,other_miner,3,True,1,True,False,True
52406,other_miner,3,True,1,True,True,True
52419,no_patoshi_evidence,3,True,0,True,True,False
52428,no_patoshi_evidence,3,True,0,True,True,True
52508,no_patoshi_evidence,4,True,0,True,True,True
52527,other_miner,3,True,0,True,True,False
52530,other_miner,4,True,2,True,True,False
52559,other_miner,3,True,1,True,False,False
52567,no_patoshi_evidence,3,True,0,True,True,True
52569,unresolved,3,True,1,True,False,True
52632,no_patoshi_evidence,4,True,1,True,False,False
52633,other_miner,3,True,1,True,False,False
52660,other_miner,3,True,0,True,True,True
52665,other_miner,4,True,0,True,True,True
52668,added_probable,3,True,0,True,True,False
52670,other_miner,4,True,1,True,False,False
52674,other_miner,3,True,0,True,True,True
52680,no_patoshi_evidence,3,True,1,True,True,False
52681,other_miner,3,True,1,True,True,False
52682,no_patoshi_evidence,3,True,0,True,True,True
52683,no_patoshi_evidence,3,True,0,True,True,True
52703,other_miner,4,True,2,True,True,False
52704,other_miner,7,True,5,True,False,False
52709,no_patoshi_evidence,3,True,1,True,False,True
52712,no_patoshi_evidence,4,True,1,True,True,False
52735,other_miner,3,True,1,True,False,True
52741,no_patoshi_evidence,4,True,1,True,True,False
52743,other_miner,3,True,0,True,True,False
52744,other_miner,3,True,1,True,False,False
52792,no_patoshi_evidence,3,True,0,True,True,False
52807,no_patoshi_evidence,3,True,1,True,False,True
52842,no_patoshi_evidence,5,True,0,True,True,False
52891,unresolved,3,True,0,True,True,True
52898,no_patoshi_evidence,4,True,1,True,False,False
52909,other_miner,3,True,0,True,True,True
52913,no_patoshi_evidence,3,True,0,True,True,True
52919,other_miner,4,True,2,True,False,False
52931,other_miner,7,True,3,True,False,False
52964,other_miner,4,True,0,True,True,False
52967,added_probable,3,True,0,True,True,True
52969,unresolved,4,True,0,True,True,False
52992,other_miner,3,True,0,True,True,False
53033,no_patoshi_evidence,3,True,0,True,True,True
53058,other_miner,3,True,0,True,True,False
53066,other_miner,8,True,6,True,False,False
53085,other_miner,4,True,0,True,True,True
53104,unresolved,6,True,4,True,False,False
53160,other_miner,3,True,0,True,True,True
53188,no_patoshi_evidence,5,True,0,True,True,False
53215,other_miner,3,True,0,True,True,False
53241,other_miner,6,True,2,True,True,False
53243,no_patoshi_evidence,3,True,0,True,True,True
53257,added_probable,3,True,1,True,True,False
53258,no_patoshi_evidence,3,True,1,True,True,False
53260,other_miner,4,True,0,True,True,False
53264,no_patoshi_evidence,3,True,1,True,False,False
53265,no_patoshi_evidence,3,True,0,True,True,False
53269,other_miner,3,True,0,True,True,True
53305,other_miner,3,True,0,True,True,True
53324,other_miner,3,True,0,True,True,False
53339,unresolved,3,True,0,True,True,True
53380,no_patoshi_evidence,3,True,0,True,True,True
53382,other_miner,3,True,0,True,True,True
53423,other_miner,4,True,0,True,True,False
53436,no_patoshi_evidence,5,True,2,True,False,False
53456,other_miner,3,True,0,True,True,False
53457,other_miner,3,True,0,True,True,True
53478,no_patoshi_evidence,3,True,0,True,True,False
53494,other_miner,3,True,0,True,True,False
53512,no_patoshi_evidence,3,True,0,True,True,False
53529,no_patoshi_evidence,3,True,0,True,True,False
53554,other_miner,4,True,0,True,True,False
53583,other_miner,3,True,0,True,True,True
53589,other_miner,3,True,0,True,True,False
53599,unresolved,3,True,1,True,True,True
53611,no_patoshi_evidence,3,True,1,True,False,True
53628,other_miner,3,True,0,True,True,True
53653,unresolved,4,True,0,True,True,True
53663,added_probable,4,True,0,True,True,True
53664,no_patoshi_evidence,3,True,0,True,True,True
53720,other_miner,3,True,0,True,True,False
53765,other_miner,4,True,1,True,True,False
53774,no_patoshi_evidence,5,True,1,True,False,False
53869,other_miner,3,True,0,True,True,True
53902,other_miner,4,True,0,True,True,True
53928,added_probable,4,True,0,True,True,False
53952,no_patoshi_evidence,3,True,0,True,True,True
54057,no_patoshi_evidence,3,True,0,True,True,False
54064,other_miner,3,True,0,True,True,True
54116,other_miner,6,True,0,True,True,False
54131,added_probable,3,True,0,True,True,False
54147,other_miner,4,True,0,True,True,False
54209,other_miner,3,True,0,True,True,False
54215,other_miner,3,True,1,True,False,False
54244,unresolved,3,True,1,True,True,False
54286,other_miner,6,True,0,True,True,False
54308,unresolved,3,True,1,True,True,False
54311,added_robust,3,True,0,True,True,True
54336,no_patoshi_evidence,3,True,0,True,True,False
54345,other_miner,3,True,1,True,False,False
54381,other_miner,3,True,0,True,True,True
54452,no_patoshi_evidence,3,True,0,True,True,True
54462,no_patoshi_evidence,4,True,0,True,True,False
54463,unresolved,3,True,0,True,True,False
54471,other_miner,4,True,1,True,True,False
54472,other_miner,5,True,1,True,True,False
54486,unresolved,3,True,0,True,True,False
54491,other_miner,4,True,2,True,False,False
54494,other_miner,9,True,4,True,False,False
54502,no_patoshi_evidence,3,True,1,True,True,False
54520,other_miner,3,True,0,True,True,True
54521,no_patoshi_evidence,3,True,0,True,True,False
54550,no_patoshi_evidence,3,True,1,True,True,False
54585,other_miner,3,True,0,True,True,False
54599,no_patoshi_evidence,3,True,0,True,True,False
54616,other_miner,3,True,1,True,False,False
