threshold,group,scored,inconsistent,g,g_lo,g_hi
0.01,other_miner_test_half,12428,169,0.004,0.002,0.006
0.01,listed_uncontradicted,21869,18884,0.997,0.992,1
0.01,listed_contradicted,12,0,0,0,0.263
0.01,added_robust_after_49973,69,62,0.99,0.886,1
0.01,unresolved,1272,140,0.111,0.093,0.131
0.01,no_patoshi_evidence,5088,111,0.013,0.009,0.018
0.05,other_miner_test_half,12428,647,0.002,0,0.007
0.05,listed_uncontradicted,21869,19394,0.998,0.993,1
0.05,listed_contradicted,12,1,0.039,0,0.353
0.05,added_robust_after_49973,69,63,0.988,0.885,1
0.05,unresolved,1272,180,0.104,0.084,0.127
0.05,no_patoshi_evidence,5088,273,0.004,0,0.012
0.1,other_miner_test_half,12428,1307,0.006,0,0.013
0.1,listed_uncontradicted,21869,19638,0.998,0.993,1
0.1,listed_contradicted,12,1,0,0,0.309
0.1,added_robust_after_49973,69,63,0.976,0.868,1
0.1,unresolved,1272,213,0.081,0.057,0.107
0.1,no_patoshi_evidence,5088,423,0,0,0
