group,blocks,scored,clock_inconsistent,rate,rate_lo,rate_hi,q_bar_uniform,g_unclamped,g,g_lo,g_hi
other_miner_test_half (negative control),12699,12428,647,0.0521,0.0483,0.0561,0.9201,0.002,0.002,0,0.007
listed_uncontradicted (positive control),21941,21869,19394,0.8868,0.8826,0.891,0.8884,0.998,0.998,0.993,1
listed_contradicted,12,12,1,0.0833,0.0149,0.3539,0.9114,0.039,0.039,0,0.353
added_robust_in_span,41,41,33,0.8049,0.6599,0.8977,0.852,0.941,0.941,0.76,1
added_robust_after_49973,70,69,63,0.913,0.823,0.9595,0.9237,0.988,0.988,0.885,1
added_probable_in_span,59,59,49,0.8305,0.7154,0.9052,0.871,0.951,0.951,0.81,1
added_probable_after_49973,248,247,212,0.8583,0.8093,0.8963,0.9281,0.921,0.921,0.865,0.964
added_possible,94,93,62,0.6667,0.5659,0.7542,0.9015,0.724,0.724,0.606,0.827
unresolved,1296,1272,180,0.1415,0.1234,0.1617,0.9272,0.104,0.104,0.084,0.127
no_patoshi_evidence,5212,5088,273,0.0537,0.0478,0.0602,0.9247,0.004,0.004,0,0.012
