group,height,dt_s,nonce,u_S,pi_stock,u_IN
listed_contradicted,2577,372,123212809,0.02869,0.4648,0.0703
listed_contradicted,24504,65,51583262,0.01201,0.1718,0.918
listed_contradicted,34813,916,300267317,0.06991,0.3967,0.4992
listed_contradicted,35573,64,22433818,0.00522,0.7159,0.3055
listed_contradicted,35599,1877,610092839,0.14205,0.3567,0.9779
listed_contradicted,37764,2443,373601066,0.08699,0.8191,0.6275
listed_contradicted,37808,317,137413946,0.03199,0.559,
listed_contradicted,39647,77,21266723,0.00495,0.7447,0.3643
listed_contradicted,46844,1594,340226349,0.07922,0.8608,0.3467
listed_contradicted,48277,117,51349512,0.01196,0.0401,0.1264
listed_contradicted,49174,354,106645799,0.02483,0.7969,0.9771
listed_contradicted,49958,477,115014693,0.02678,0.7455,0.1101
added_robust_in_span,29,46,2688142130,0.62588,0.0,0.7987
added_robust_in_span,193,291,4006026267,0.93273,0.0,0.2237
added_robust_in_span,194,389,2193620277,0.51074,0.0,0.4713
added_robust_in_span,195,1381,2070700593,0.48212,0.0,0.943
added_robust_in_span,196,821,806943026,0.18788,0.0,0.7804
added_robust_in_span,197,1266,2505039909,0.58325,0.0,0.1215
added_robust_in_span,2133,557,2873511687,0.66904,0.0,0.2515
added_robust_in_span,2135,1504,3742726421,0.87142,0.0,0.8012
added_robust_in_span,2137,1150,3873646601,0.9019,0.0,0.062
added_robust_in_span,2138,962,316622085,0.07372,0.1808,0.4601
added_robust_in_span,2139,717,1822693891,0.42438,0.0,0.6821
added_robust_in_span,2140,1471,3222713370,0.75035,0.0,0.2656
added_robust_in_span,2141,1444,1675654447,0.39014,0.0,0.14
added_robust_in_span,14450,1058,3544911135,0.82536,0.0,0.8203
added_robust_in_span,25035,1486,2586843938,0.6023,0.0,0.5075
added_robust_in_span,25036,1476,4648963,0.00108,0.998,0.5967
added_robust_in_span,25039,690,2477591299,0.57686,0.0,0.6881
added_robust_in_span,25040,592,1362399779,0.31721,0.0,0.3575
added_robust_in_span,25044,1029,879634688,0.20481,0.0,0.9834
added_robust_in_span,25681,4718,722003205,0.1681,0.6538,0.3964
added_robust_in_span,25686,2312,2887460116,0.67229,0.0,0.9372
added_robust_in_span,25688,1844,3722626593,0.86674,0.0,0.5412
added_robust_in_span,25704,140,1899912709,0.44236,0.0,0.4503
added_robust_in_span,25727,1350,3516893472,0.81884,0.0,0.6682
added_robust_in_span,25730,149,3589444646,0.83573,0.0,0.0492
added_robust_in_span,26341,7,1918348293,0.44665,0.0,0.4191
added_robust_in_span,26601,277,335109144,0.07802,0.0,0.5052
added_robust_in_span,26660,2160,472175111,0.10994,0.6362,0.1991
added_robust_in_span,26663,2280,1384249113,0.3223,0.002,0.341
added_robust_in_span,26667,127,745677076,0.17362,0.0,0.9386
added_robust_in_span,26677,451,422873090,0.09846,0.0,0.7407
added_robust_in_span,26828,643,1834300167,0.42708,0.0,0.2627
added_robust_in_span,26834,26,240549893,0.05601,0.0,0.4367
added_robust_in_span,26873,6794,255123484,0.0594,0.7692,0.0431
added_robust_in_span,26886,4515,1276612613,0.29723,0.4231,0.4304
added_robust_in_span,26889,707,1908327168,0.44432,0.0,0.9217
added_robust_in_span,26890,811,2134503169,0.49698,0.0,0.8019
added_robust_in_span,26894,3744,1717625858,0.39992,0.0962,0.7038
added_robust_in_span,26909,499,2050225154,0.47736,0.0,0.6975
added_robust_in_span,27476,1364,745753628,0.17363,0.2043,0.1022
added_robust_in_span,27477,749,3860956180,0.89895,0.0,0.8991
added_robust_after_49973,50882,49,449751558,0.10472,0.0,0.3173
added_robust_after_49973,51112,533,3958842904,0.92174,0.0,0.5268
added_robust_after_49973,51216,368,2587139097,0.60237,0.0,0.3775
added_robust_after_49973,51226,197,1234542357,0.28744,0.0,0.7858
added_robust_after_49973,51231,375,3996391425,0.93048,0.0,0.8879
added_robust_after_49973,51295,105,2877060891,0.66987,0.0,0.1874
added_robust_after_49973,51303,468,1313186070,0.30575,0.0,0.6827
added_robust_after_49973,51444,1298,1452078099,0.33809,0.0,0.9566
added_robust_after_49973,51451,771,2015467803,0.46926,0.0,0.1739
added_robust_after_49973,51522,759,3439125276,0.80073,0.0,0.0416
added_robust_after_49973,51544,319,803872540,0.18717,0.0,0.12
added_robust_after_49973,51558,621,1728360193,0.40242,0.0,0.8276
added_robust_after_49973,51583,172,1524151834,0.35487,0.0,0.2645
added_robust_after_49973,51639,388,1259408905,0.29323,0.0,0.0728
added_robust_after_49973,51650,775,3982293528,0.9272,0.0,0.4423
added_robust_after_49973,51720,579,2844536598,0.6623,0.0,0.7282
added_robust_after_49973,51728,199,822045959,0.1914,0.0,0.2392
added_robust_after_49973,51737,512,2605517825,0.60664,0.0,0.8927
added_robust_after_49973,51793,253,3745260038,0.87201,0.0,0.3719
added_robust_after_49973,51795,685,2153619732,0.50143,0.0,0.8875
added_robust_after_49973,51801,236,1919381513,0.44689,0.0,0.0334
added_robust_after_49973,51858,92,2228586772,0.51888,0.0,0.8969
added_robust_after_49973,51873,160,1308095236,0.30456,0.0,0.4928
added_robust_after_49973,51938,541,2483687177,0.57828,0.0,0.0724
added_robust_after_49973,51989,1300,3412409864,0.79451,0.0,0.1558
added_robust_after_49973,52063,42,1403342617,0.32674,0.0,0.4081
added_robust_after_49973,52107,769,4130337800,0.96167,0.0,0.0831
added_robust_after_49973,52148,17,3740538388,0.87091,0.0,0.9428
added_robust_after_49973,52278,122,2541486618,0.59174,0.0,0.3366
added_robust_after_49973,52294,684,1841229573,0.42869,0.0,0.3921
added_robust_after_49973,52297,328,3257665303,0.75848,0.0,0.6419
added_robust_after_49973,52339,541,3393744641,0.79017,0.0,0.8531
added_robust_after_49973,52391,871,2782382361,0.64782,0.0,0.3593
added_robust_after_49973,52418,452,712230148,0.16583,0.0,0.5114
added_robust_after_49973,52431,207,543679752,0.12659,0.0,0.089
added_robust_after_49973,52531,1475,1796302089,0.41823,0.0,0.038
added_robust_after_49973,52673,448,1119171841,0.26058,0.0,0.8761
added_robust_after_49973,52705,234,465513225,0.10839,0.0,0.0609
added_robust_after_49973,52749,572,54422038,0.01267,0.8728,0.7047
added_robust_after_49973,52761,688,1512329216,0.35212,0.0,0.9679
added_robust_after_49973,52767,571,3185122817,0.74159,0.0,0.8853
added_robust_after_49973,52781,30,3678027284,0.85636,0.0,0.9271
added_robust_after_49973,52808,433,3091210261,0.71973,0.0,0.8367
added_robust_after_49973,52991,143,1059762688,0.24675,0.0,0.9287
added_robust_after_49973,53065,411,3942029572,0.91783,0.0,0.5288
added_robust_after_49973,53074,894,3714332700,0.86481,0.0,0.1102
added_robust_after_49973,53117,313,72046876,0.01677,0.8284,0.0971
added_robust_after_49973,53133,565,1730114818,0.40282,0.0,0.7484
added_robust_after_49973,53181,178,3494678532,0.81367,0.0,0.5327
added_robust_after_49973,53186,1068,134745877,0.03137,0.8516,0.8436
added_robust_after_49973,53200,629,3623477781,0.84366,0.0,0.7588
added_robust_after_49973,53224,175,2546009112,0.59279,0.0,0.5405
added_robust_after_49973,53238,2611,554166535,0.12903,0.4643,0.19
added_robust_after_49973,53318,546,3655563548,0.85113,0.0,0.084
added_robust_after_49973,53484,1,4171446555,0.97124,0.0,0.2121
added_robust_after_49973,53488,120,2421551112,0.56381,0.0,0.0847
added_robust_after_49973,53509,8,4292395035,0.9994,0.0,0.1581
added_robust_after_49973,53605,348,3722252290,0.86665,0.0,0.7885
added_robust_after_49973,53631,269,3630751512,0.84535,0.0,0.453
added_robust_after_49973,53636,454,821212949,0.1912,0.0,0.776
added_robust_after_49973,53730,648,3248146438,0.75627,0.0,0.3054
added_robust_after_49973,53802,1377,486677255,0.11331,0.5357,0.2724
added_robust_after_49973,53809,174,2864099074,0.66685,0.0,0.7249
added_robust_after_49973,53861,1325,1906174728,0.44382,0.0,0.0866
added_robust_after_49973,53863,280,751528726,0.17498,0.0,0.7041
added_robust_after_49973,53934,390,148367660,0.03454,0.4615,0.4009
added_robust_after_49973,54033,1197,582149658,0.13554,0.0195,0.2453
added_robust_after_49973,54100,184,909625363,0.21179,0.0,0.9743
added_robust_after_49973,54311,2640,3563032581,0.82958,0.0,0.4303
