height,tier,phase6_p,dt_s,nonce,u_S,pi_stock,clock_lr,updated_p
164,added_possible,0.83416,430,672269844,0.15653,0.0,18.981,0.98963
165,added_possible,0.83416,898,4078834216,0.94968,0.0,18.159,0.98917
2172,added_possible,0.83416,1737,2699047713,0.62842,0.0,15.748,0.98753
3358,added_possible,0.87022,264,1076977968,0.25075,0.0,19.364,0.99236
3744,added_possible,0.87022,403,252798493,0.05886,0.0136,18.981,0.9922
3745,added_possible,0.87022,1406,1320620857,0.30748,0.0,15.748,0.99062
3827,added_possible,0.87022,810,672264708,0.15652,0.0,18.159,0.99185
4304,unresolved,0.39054,494,3153635875,0.73426,0.0,18.981,0.92403
4306,added_possible,0.87022,196,2939937829,0.68451,0.0,19.364,0.99236
14444,added_possible,0.6825,512,1243255076,0.28947,0.0,18.981,0.97608
16013,added_possible,0.77025,1182,3846081569,0.89549,0.0,18.159,0.98384
22793,added_possible,0.51268,1202,1111110678,0.2587,0.0125,15.748,0.94308
25615,unresolved,0.31519,114,50017280,0.01165,0.0401,19.776,0.90101
25735,unresolved,0.42261,82,1461736733,0.34034,0.0,19.776,0.93538
26335,unresolved,0.42261,626,4251348503,0.98984,0.0,17.929,0.92919
26815,unresolved,0.42261,135,2798503708,0.65158,0.0,19.456,0.93439
29556,unresolved,0.35295,493,1197378052,0.27879,0.0,18.935,0.91173
29562,unresolved,0.35295,241,1145877254,0.2668,0.0,19.456,0.91389
30152,added_possible,0.71937,30,810793221,0.18878,0.0,19.885,0.98076
30156,added_possible,0.71937,306,1115623682,0.25975,0.0,18.935,0.97981
30162,added_possible,0.71937,173,2833428226,0.65971,0.0,19.456,0.98034
30166,added_possible,0.71937,307,3157039878,0.73506,0.0,18.935,0.97981
30181,added_possible,0.71937,39,3124593670,0.7275,0.0,19.885,0.98076
30189,added_possible,0.71937,73,2946115609,0.68595,0.0,19.776,0.98066
30196,added_possible,0.71937,167,2413950976,0.56204,0.0,19.456,0.98034
30198,added_possible,0.71937,502,3013299970,0.70159,0.0,18.935,0.97981
30211,added_possible,0.71937,864,2547747092,0.59319,0.0,17.929,0.9787
35554,added_possible,0.64949,779,1974040084,0.45962,0.0,17.929,0.97078
35578,added_possible,0.64949,1420,1889327622,0.43989,0.0,15.373,0.96609
35580,added_possible,0.64949,1223,2083572487,0.48512,0.0,15.373,0.96609
35590,added_possible,0.64949,509,335153174,0.07803,0.0005,18.935,0.97229
35601,added_possible,0.64949,955,3834462216,0.89278,0.0,17.929,0.97078
42759,added_possible,0.7461,88,386891548,0.09008,0.0,19.776,0.98308
43437,added_possible,0.7461,582,236367107,0.05503,0.0348,18.935,0.98235
43500,added_possible,0.7461,246,943185948,0.2196,0.0,19.456,0.98281
43508,added_possible,0.7461,361,1610341916,0.37494,0.0,18.935,0.98235
44144,added_possible,0.7461,77,875316765,0.2038,0.0,19.776,0.98308
44150,added_possible,0.7461,567,2959426563,0.68905,0.0,18.935,0.98235
44181,added_possible,0.7461,174,2824020503,0.65752,0.0,19.456,0.98281
44190,added_possible,0.7461,30,1730843159,0.40299,0.0,19.885,0.98317
44194,added_possible,0.7461,1995,2450683926,0.57059,0.0,15.373,0.97834
44210,added_possible,0.7461,305,2559802628,0.596,0.0,18.935,0.98235
44269,added_possible,0.7461,127,3627546632,0.8446,0.0,19.456,0.98281
44844,added_possible,0.7461,416,2839733783,0.66118,0.0,18.935,0.98235
44928,added_possible,0.7461,112,246291485,0.05734,0.0,19.776,0.98308
44934,added_possible,0.7461,1137,1165952790,0.27147,0.0,17.929,0.98137
45909,added_possible,0.5669,607,3607653659,0.83997,0.0,17.929,0.95913
45914,added_possible,0.5669,70,3924355842,0.91371,0.0,19.776,0.96281
45920,added_possible,0.5669,420,1704434441,0.39684,0.0,18.935,0.96122
45933,added_possible,0.5669,618,1589153557,0.37,0.0,17.929,0.95913
45935,added_possible,0.5669,364,2331793923,0.54291,0.0,18.935,0.96122
46755,added_possible,0.5669,131,3150954758,0.73364,0.0,19.456,0.96222
46845,added_possible,0.5669,131,3925391383,0.91395,0.0,19.456,0.96222
46994,added_possible,0.5669,1980,3448975877,0.80303,0.0,15.373,0.95266
48318,added_possible,0.66233,543,1791709449,0.41716,0.0,18.935,0.97378
48332,added_possible,0.66233,375,3408579607,0.79362,0.0,18.935,0.97378
48337,added_possible,0.66233,128,3626536711,0.84437,0.0,19.456,0.97447
48426,added_possible,0.66233,153,677237530,0.15768,0.0,19.456,0.97447
48429,added_possible,0.66233,253,2082916374,0.48497,0.0,19.456,0.97447
48454,added_possible,0.66233,231,120493829,0.02805,0.0374,19.456,0.97447
48865,added_possible,0.66233,46,2164551176,0.50397,0.0,19.885,0.975
48879,added_possible,0.66233,131,2860155162,0.66593,0.0,19.456,0.97447
48894,added_possible,0.66233,247,4210696218,0.98038,0.0,19.456,0.97447
48902,added_possible,0.66233,312,3061900826,0.7129,0.0,18.935,0.97378
48907,added_possible,0.66233,2145,3805551878,0.88605,0.0,15.373,0.9679
49504,added_possible,0.66233,251,2002139674,0.46616,0.0,19.456,0.97447
49512,added_possible,0.66233,128,1987412482,0.46273,0.0,19.456,0.97447
49523,added_possible,0.66233,339,2829815808,0.65887,0.0,18.935,0.97378
49534,added_possible,0.66233,238,2622302485,0.61055,0.0,19.456,0.97447
52513,unresolved,0.35733,393,3591514115,0.83621,0.0,18.758,0.91251
52535,unresolved,0.35733,910,1744325376,0.40613,0.0,17.683,0.90768
52607,unresolved,0.35733,1098,4141569300,0.96428,0.0,17.683,0.90768
52662,unresolved,0.35733,26,3482091291,0.81074,0.0,19.936,0.91725
52687,unresolved,0.35733,996,560058670,0.1304,0.0195,17.683,0.90768
52841,unresolved,0.35733,289,1892198916,0.44056,0.0,19.377,0.91507
52979,unresolved,0.35733,279,1634135571,0.38048,0.0,19.377,0.91507
53007,unresolved,0.35733,764,1788736538,0.41647,0.0,17.683,0.90768
53011,unresolved,0.35733,211,4162559001,0.96917,0.0,19.377,0.91507
53056,unresolved,0.35733,143,4131232006,0.96188,0.0,19.377,0.91507
53248,unresolved,0.35733,662,839670021,0.1955,0.0039,17.683,0.90768
53273,unresolved,0.35733,749,1862784026,0.43371,0.0,17.683,0.90768
53339,unresolved,0.35733,1066,1590993948,0.37043,0.0,17.683,0.90768
53363,unresolved,0.35733,9,188747549,0.04395,0.0,19.936,0.91725
53369,unresolved,0.35733,258,219449115,0.05109,0.0028,19.377,0.91507
53387,unresolved,0.35733,25,3791034389,0.88267,0.0,19.936,0.91725
53418,unresolved,0.35733,136,1046683393,0.2437,0.0,19.377,0.91507
53538,unresolved,0.35733,407,1520050952,0.35391,0.0,18.758,0.91251
53655,unresolved,0.35733,1160,671627029,0.15638,0.0039,17.683,0.90768
53688,unresolved,0.35733,633,1661229577,0.38679,0.0,17.683,0.90768
53786,unresolved,0.35733,947,665377800,0.15492,0.0039,17.683,0.90768
53940,unresolved,0.35733,767,4271255814,0.99448,0.0,17.683,0.90768
53951,unresolved,0.35733,657,4154210587,0.96723,0.0,17.683,0.90768
53968,unresolved,0.35733,439,4218779401,0.98226,0.0,18.758,0.91251
53985,unresolved,0.35733,947,641815066,0.14943,0.0078,17.683,0.90768
54054,unresolved,0.35733,330,3117075991,0.72575,0.0,18.758,0.91251
54070,unresolved,0.35733,4,4216097032,0.98164,0.0,19.936,0.91725
54089,unresolved,0.35733,13,2177709593,0.50704,0.0,19.936,0.91725
54234,unresolved,0.35733,314,282464007,0.06577,0.0355,18.758,0.91251
54244,unresolved,0.35733,927,3565069339,0.83006,0.0,17.683,0.90768
54316,unresolved,0.35733,1025,1341027846,0.31223,0.0,17.683,0.90768
