sigma_s,T_s,reset_fraction,power
0,30,0.05,0.0
0,30,0.1,0.0125
0,30,0.2,0.1725
0,30,0.3,0.355
0,30,0.5,0.64
0,30,0.75,0.9175
0,30,1.0,0.9825
0,60,0.05,0.0275
0,60,0.1,0.485
0,60,0.2,0.985
0,60,0.3,1.0
0,60,0.5,1.0
0,60,0.75,1.0
0,60,1.0,1.0
0,120,0.05,0.325
0,120,0.1,0.995
0,120,0.2,1.0
0,120,0.3,1.0
0,120,0.5,1.0
0,120,0.75,1.0
0,120,1.0,1.0
0,188,0.05,0.56
0,188,0.1,0.995
0,188,0.2,1.0
0,188,0.3,1.0
0,188,0.5,1.0
0,188,0.75,1.0
0,188,1.0,1.0
0,300,0.05,0.6775
0,300,0.1,1.0
0,300,0.2,1.0
0,300,0.3,1.0
0,300,0.5,1.0
0,300,0.75,1.0
0,300,1.0,1.0
30,30,0.05,0.0075
30,30,0.1,0.13
30,30,0.2,0.7425
30,30,0.3,0.95
30,30,0.5,1.0
30,30,0.75,1.0
30,30,1.0,1.0
30,60,0.05,0.03
30,60,0.1,0.6425
30,60,0.2,0.99
30,60,0.3,1.0
30,60,0.5,1.0
30,60,0.75,1.0
30,60,1.0,1.0
30,120,0.05,0.275
30,120,0.1,0.98
30,120,0.2,1.0
30,120,0.3,1.0
30,120,0.5,1.0
30,120,0.75,1.0
30,120,1.0,1.0
30,188,0.05,0.4725
30,188,0.1,0.995
30,188,0.2,1.0
30,188,0.3,1.0
30,188,0.5,1.0
30,188,0.75,1.0
30,188,1.0,1.0
30,300,0.05,0.6575
30,300,0.1,0.9975
30,300,0.2,1.0
30,300,0.3,1.0
30,300,0.5,1.0
30,300,0.75,1.0
30,300,1.0,1.0
60,30,0.05,0.0075
60,30,0.1,0.37
60,30,0.2,0.935
60,30,0.3,0.9975
60,30,0.5,1.0
60,30,0.75,1.0
60,30,1.0,1.0
60,60,0.05,0.045
60,60,0.1,0.62
60,60,0.2,0.995
60,60,0.3,1.0
60,60,0.5,1.0
60,60,0.75,1.0
60,60,1.0,1.0
60,120,0.05,0.2475
60,120,0.1,0.955
60,120,0.2,1.0
60,120,0.3,1.0
60,120,0.5,1.0
60,120,0.75,1.0
60,120,1.0,1.0
60,188,0.05,0.46
60,188,0.1,0.9975
60,188,0.2,1.0
60,188,0.3,1.0
60,188,0.5,1.0
60,188,0.75,1.0
60,188,1.0,1.0
60,300,0.05,0.625
60,300,0.1,1.0
60,300,0.2,1.0
60,300,0.3,1.0
60,300,0.5,1.0
60,300,0.75,1.0
60,300,1.0,1.0
