variant,n_short,n_long,median_short,median_long,z,p_one_sided,control_z,control_p,p_holm_over_variants
primary (as preregistered),424,3943,0.4627,0.483,-1.303,0.09624843721400889,-61.212,0.0,
"era h < 18,000",127,1414,0.4116,0.4734,-0.777,0.2185483289603008,-10.987,2.200277619273556e-28,0.6556449868809024
"era 18,000 to 32,255",92,1790,0.5225,0.4867,0.443,0.6711918496715433,-25.417,8.1685196967510155e-143,0.7179656707750875
"era h >= 32,256",205,739,0.463,0.5005,-1.637,0.050806926824614615,-53.571,0.0,0.4064554145969169
"double helix 1,400 to 1,916 excluded",420,3938,0.4611,0.483,-1.365,0.08614476633966354,-61.212,0.0,0.6030133643776449
parent co-spend other_miner only,359,3456,0.4734,0.4776,-1.202,0.11477425058704838,-55.931,0.0,0.6030133643776449
short gap 0 to 30 s,160,3943,0.4189,0.483,-1.285,0.09931424591230341,-45.205,0.0,0.6030133643776449
short gap 0 to 120 s,904,3943,0.4777,0.483,-0.361,0.3589828353875438,-76.812,0.0,0.7179656707750875
child adds the 12 listed_contradicted,424,3946,0.4627,0.4834,-1.312,0.0948340091211788,-61.212,0.0,0.6030133643776449
