listed_height,spending_txid,extra_nonce,block_time,tight_nonce_pass,cluster_prev_height,cluster_prev_en,cluster_next_height,cluster_next_en,height_gap,other_miner_track_sandwich,patoshi_run_sandwich,span_listed_blocks_evaluated,span_listed_blocks_fitting_track,chance_fit_rate
49174,c2a9e7f555f9dbfa76b0d5fb1d007ce2c687e7875f6033c38caf7e28925b6eb5,4360,2010-04-06 10:06:40+00,True,48998,4150,49380,4574,382,True,True,66,7,0.1061
24504,66829539576d0b3b9180aa882622675760c23e5ba7f862dcb38dba034993636d,911,2009-10-07 17:44:24+00,True,24475,882,24785,24,310,False,True,994,49,0.0493
2577,29591d211054478ed22c93571955cb92ef4ec2b40d914a43ba3a91d52a171c61,651,2009-02-01 07:48:23+00,True,2575,649,2581,655,6,True,True,2830,36,0.0127
37764,8abde2a358ca9594df1bcef520b68aed9655aee50aae01adb50667c71bb24d4e,86,2010-02-02 16:58:06+00,True,37037,485,,,,False,True,73,0,0.0
49958,d6e8d9348ebdc3d98fd6f1b34f5628813901a8594e655942378489e17f1dca68,369,2010-04-10 11:46:52+00,True,49883,128,49996,241,113,False,False,4,1,0.25
48277,3d9ffe4f847738863f14d7811484cce02b192c41702f2d27c974ec90d6902c9a,52,2010-03-31 21:55:35+00,True,48232,10,48279,54,47,True,True,112,3,0.0268
46844,4dcc0f56c1bec15e29c3efdaf562cf6a2893e2b819112e9ea4e92d6b256a79db,319,2010-03-24 13:16:23+00,True,46815,298,46910,200,95,False,False,142,5,0.0352
39647,d95a53ceb013656da033cfd490548d2c2c30b651127f4b0c4633fe83b4a1bccc,181,2010-02-11 16:55:03+00,True,39632,180,39671,215,39,True,True,269,3,0.0112
37808,3e60741b3b2a0cd50afb62702e9be55cbf40831fb42f2e36e361c7f84b6fd7d7,152,2010-02-02 21:54:42+00,False,37729,84,37844,920,115,True,True,95,11,0.1158
35573,907bc01510f15727d4db00a188309c0bb7cf47dd76dac1b2f8624eb2ef4f7d75,339,2010-01-21 02:58:10+00,True,35564,330,35588,354,24,True,True,39,2,0.0513
35599,907bc01510f15727d4db00a188309c0bb7cf47dd76dac1b2f8624eb2ef4f7d75,365,2010-01-21 07:20:59+00,True,35597,363,35617,384,20,True,True,39,2,0.0513
34813,2efb698e61a9d9958b913d8e9c829874bfa8e67d25182f9c3580f5170e2463a7,136,2010-01-15 11:36:44+00,True,34780,103,34817,140,37,True,True,184,1,0.0054
