height,block_time,nonce_lsb,extra_nonce,left_listed,left_en,left_time,right_listed,right_en,right_time,window_width,background_window_prob,false_positive_prob,fp_stratum
3358,2009-02-07 12:08:45+00,48,1336,3355,1318,2009-02-07 11:59:57+00,3359,1341,2009-02-07 12:27:44+00,24,0.0,0.0,fp<0.002
3827,2009-02-11 03:08:49+00,4,433,3826,401,2009-02-11 02:55:19+00,3829,438,2009-02-11 03:20:31+00,38,0.02667,0.00509,0.002<=fp<0.01
14450,2009-05-14 20:23:07+00,31,14,14449,12,2009-05-14 20:05:29+00,14453,28,2009-05-14 20:45:24+00,17,0.08,0.01526,fp>=0.01
18522,2009-07-01 22:01:17+00,32,79,18520,63,2009-07-01 21:20:08+00,18523,107,2009-07-01 22:47:00+00,45,0.08333,0.01589,fp>=0.01
20448,2009-08-04 05:37:43+00,46,18,20446,16,2009-08-04 05:07:52+00,20449,20,2009-08-04 05:42:56+00,5,0.01667,0.00318,0.002<=fp<0.01
24372,2009-10-05 03:47:56+00,38,312,24367,304,2009-10-05 02:07:29+00,24373,313,2009-10-05 03:54:53+00,10,0.00667,0.00127,fp<0.002
25594,2009-10-22 10:56:34+00,29,171,25586,149,2009-10-22 08:48:51+00,25596,184,2009-10-22 10:58:32+00,36,0.05667,0.01081,fp>=0.01
25814,2009-10-25 04:35:53+00,41,23,25811,3,2009-10-25 03:49:24+00,25816,39,2009-10-25 04:52:49+00,37,0.15667,0.02988,fp>=0.01
27474,2009-11-19 03:09:50+00,6,101,27473,92,2009-11-19 02:30:43+00,27479,149,2009-11-19 05:17:48+00,58,0.11333,0.02162,fp>=0.01
27475,2009-11-19 03:24:07+00,0,112,27473,92,2009-11-19 02:30:43+00,27479,149,2009-11-19 05:17:48+00,58,0.11333,0.02162,fp>=0.01
27476,2009-11-19 03:46:51+00,28,118,27473,92,2009-11-19 02:30:43+00,27479,149,2009-11-19 05:17:48+00,58,0.11333,0.02162,fp>=0.01
27477,2009-11-19 03:59:20+00,20,123,27473,92,2009-11-19 02:30:43+00,27479,149,2009-11-19 05:17:48+00,58,0.11333,0.02162,fp>=0.01
27478,2009-11-19 04:51:42+00,21,132,27473,92,2009-11-19 02:30:43+00,27479,149,2009-11-19 05:17:48+00,58,0.11333,0.02162,fp>=0.01
29685,2009-12-14 09:50:11+00,31,104,29682,100,2009-12-14 08:53:08+00,29686,105,2009-12-14 09:53:55+00,6,0.01,0.00191,fp<0.002
30163,2009-12-17 23:15:04+00,46,108,30150,93,2009-12-17 21:25:38+00,30169,113,2009-12-17 23:58:14+00,21,0.05,0.00954,0.002<=fp<0.01
34934,2010-01-16 07:42:19+00,3,523,34933,496,2010-01-16 07:24:45+00,34938,524,2010-01-16 07:48:32+00,29,0.01,0.00191,fp<0.002
39657,2010-02-11 19:01:40+00,20,204,39655,195,2010-02-11 18:54:46+00,39661,226,2010-02-11 19:39:08+00,32,0.01667,0.00318,0.002<=fp<0.01
44804,2010-03-11 05:14:44+00,37,31,44798,9,2010-03-11 04:18:41+00,44807,60,2010-03-11 05:45:41+00,52,0.23667,0.04514,fp>=0.01
45330,2010-03-15 04:32:24+00,20,355,45329,310,2010-03-15 04:27:55+00,45335,368,2010-03-15 05:06:53+00,59,0.04333,0.00827,0.002<=fp<0.01
46003,2010-03-20 00:25:13+00,48,790,45995,777,2010-03-19 23:31:33+00,46006,797,2010-03-20 00:56:26+00,21,0.00333,0.00064,fp<0.002
47953,2010-03-30 08:39:50+00,51,555,47943,548,2010-03-30 07:54:58+00,47958,566,2010-03-30 09:10:48+00,19,0.00333,0.00064,fp<0.002
