identifier,id_type,date_utc,relationship,source_url,evidence_strength,notes
0,block_height,2009-01-03 18:15:05,"Genesis block (created by Satoshi, hardcoded in client)",https://blockstream.info/api/tx/4a5e1e4baab89f3a32518a88c31bc87f618f76673e2cc77ab2127b7afdeda33b,onchain_record,Not in local Patoshi CSV (starts at height 3). Coinbase output is not in the UTXO set and cannot be spent.
4a5e1e4baab89f3a32518a88c31bc87f618f76673e2cc77ab2127b7afdeda33b,txid,2009-01-03 18:15:05,Genesis coinbase tx (Times 03/Jan/2009 headline),https://blockstream.info/api/tx/4a5e1e4baab89f3a32518a88c31bc87f618f76673e2cc77ab2127b7afdeda33b,onchain_record,
04678afdb0fe5548271967f1a67130b7105cd6a828e03909a67962e0ea1f61deb649f6bc3f4cef38c4f35504e51ec112de5c384df7ba0b8d578a4c702b6bf11d5f,pubkey,2009-01-03 18:15:05,Genesis coinbase P2PK key,https://blockstream.info/api/tx/4a5e1e4baab89f3a32518a88c31bc87f618f76673e2cc77ab2127b7afdeda33b,onchain_record,Not in local Patoshi CSV.
1A1zP1eP5QGefi2DMPTfTL5SLmv7DivfNa,address,2009-01-03 18:15:05,Genesis coinbase key rendered as P2PKH address,https://blockchain.info/rawtx/4a5e1e4baab89f3a32518a88c31bc87f618f76673e2cc77ab2127b7afdeda33b,onchain_record,Receives thousands of tribute payments; later receipts are not Satoshi activity.
1,block_height,2009-01-09 02:54:25,First mined block after launch; miner unattributed,https://blockstream.info/api/tx/0e3e2357e806b6cdb1f70b54c3a3a17b6714ee1f0e68bebb44a74b1efd512098,speculation,Not in Lopp 2022 list or local CSV (list starts at 3). No primary source found explaining the exclusion. Coinbase scriptSig 04ffff001d0104. Presumed Satoshi only because Satoshi's nodes were the only known nodes before Hal joined (~block 49 per TFTC/Waltz debug-log analysis).
0e3e2357e806b6cdb1f70b54c3a3a17b6714ee1f0e68bebb44a74b1efd512098,txid,2009-01-09 02:54:25,Block 1 coinbase; unspent,https://blockchain.info/rawtx/0e3e2357e806b6cdb1f70b54c3a3a17b6714ee1f0e68bebb44a74b1efd512098,onchain_record,
0496b538e853519c726a2c91e61ec11600ae1390813a627c66fb8be7947be63c52da7589379515d4e0a604f8141781e62294721166bf621e73a82cbf2342c858ee,pubkey,2009-01-09 02:54:25,Block 1 coinbase P2PK key,https://blockchain.info/rawtx/0e3e2357e806b6cdb1f70b54c3a3a17b6714ee1f0e68bebb44a74b1efd512098,onchain_record,Not in local Patoshi CSV.
12c6DSiU4Rq3P4ZxziKxzrL5LmMBrzjrJX,address,2009-01-09 02:54:25,Block 1 coinbase key as P2PKH address,https://blockchain.info/rawtx/0e3e2357e806b6cdb1f70b54c3a3a17b6714ee1f0e68bebb44a74b1efd512098,onchain_record,
2,block_height,2009-01-09 02:55:44,Second mined block; miner unattributed,https://blockstream.info/api/tx/9b0fc92260312ce44e74ef369f5c66bbb85848f2eddd5a7a1cde251e54ccfdd5,speculation,Not in Lopp 2022 list or local CSV. Coinbase scriptSig 04ffff001d010b. Same caveat as block 1.
9b0fc92260312ce44e74ef369f5c66bbb85848f2eddd5a7a1cde251e54ccfdd5,txid,2009-01-09 02:55:44,Block 2 coinbase; unspent,https://blockchain.info/rawtx/9b0fc92260312ce44e74ef369f5c66bbb85848f2eddd5a7a1cde251e54ccfdd5,onchain_record,
047211a824f55b505228e4c3d5194c1fcfaa15a456abdf37f9b9d97a4040afc073dee6c89064984f03385237d92167c13e236446b417ab79a0fcae412ae3316b77,pubkey,2009-01-09 02:55:44,Block 2 coinbase P2PK key,https://blockchain.info/rawtx/9b0fc92260312ce44e74ef369f5c66bbb85848f2eddd5a7a1cde251e54ccfdd5,onchain_record,Not in local Patoshi CSV.
1HLoD9E4SDFFPDiYfNYnkBLQ85Y51J3Zb1,address,2009-01-09 02:55:44,Block 2 coinbase key as P2PKH address,https://blockchain.info/rawtx/9b0fc92260312ce44e74ef369f5c66bbb85848f2eddd5a7a1cde251e54ccfdd5,onchain_record,
9,block_height,2009-01-09 03:54:39,Coinbase spent by Satoshi to pay Hal Finney (block 170),https://blockstream.info/api/tx/0437cd7f8525ceed2324359c2d0ba26006d92d856a9c20fa0241106ee5a597c9/status,participant_testimony,In local Patoshi CSV (height 9). Anchor linking the Patoshi list to Satoshi.
0437cd7f8525ceed2324359c2d0ba26006d92d856a9c20fa0241106ee5a597c9,txid,2009-01-09 03:54:39,Block 9 coinbase (input of block 170 tx),https://blockstream.info/api/tx/f4184fc596403b9d638783cf57adfe4c75c605f6356fbc91338530e9831e9e16,participant_testimony,
0411db93e1dcdb8a016b49840f8c53bc1eb68a382e97b1482ecad7b148a6909a5cb2e0eaddfb84ccf9744464f82e160bfa9b8b64f9d4c03f999b8643f656b412a3,pubkey,2009-01-09 03:54:39,Block 9 coinbase key; Satoshi's sending key and change key for the Jan 12 2009 test sends,https://blockstream.info/api/tx/f4184fc596403b9d638783cf57adfe4c75c605f6356fbc91338530e9831e9e16,participant_testimony,"In local Patoshi CSV (height 9). Reused as change in blocks 170, 181, 182, 183, 248. 18 BTC change output of 828ef3b0...:1 is still unspent."
12cbQLTFMXRnSzktFkuoG3eHoMeFtpTu3S,address,2009-01-09 03:54:39,Block 9 key as P2PKH address (Satoshi sender/change),https://blockchain.info/rawtx/f4184fc596403b9d638783cf57adfe4c75c605f6356fbc91338530e9831e9e16,participant_testimony,Matches local p2pkh CSV row height 9. P2PKH-form receipts after 2009 are third-party tributes.
170,block_height,2009-01-12 03:30:25,Block containing first person-to-person tx (Satoshi to Hal),https://blockstream.info/api/tx/f4184fc596403b9d638783cf57adfe4c75c605f6356fbc91338530e9831e9e16,participant_testimony,
f4184fc596403b9d638783cf57adfe4c75c605f6356fbc91338530e9831e9e16,txid,2009-01-12 03:30:25,Satoshi sends 10 BTC to Hal Finney; 40 BTC change to block 9 key,https://blockstream.info/api/tx/f4184fc596403b9d638783cf57adfe4c75c605f6356fbc91338530e9831e9e16 ; https://bitcointalk.org/index.php?topic=155054.msg1643833#msg1643833 ; https://online.wsj.com/public/resources/documents/finneynakamotoemails.pdf,participant_testimony,"Hal (2013): 'I was the recipient of the first bitcoin transaction, when Satoshi sent ten coins to me as a test.' Hal email (WSJ PDF, Jan 12 2009): 'I see you sent me a payment, thanks!' vout0 10 BTC P2PK 04ae1a62...; vout1 40 BTC P2PK 0411db93... (change)."
04ae1a62fe09c5f51b13905f07f06b99a2f7159b2225f374cd378d71302fa28414e7aab37397f554a7df5f142c21c1b7303b8a0626f1baded5c72a704f7e6cd84c,pubkey,2009-01-12 03:30:25,Hal Finney receiving key (block 170 vout0). NOT Satoshi,https://blockstream.info/api/tx/f4184fc596403b9d638783cf57adfe4c75c605f6356fbc91338530e9831e9e16,participant_testimony,Exclusion/control. Not in local Patoshi CSV. Spent 2010-11-16 in ea44e972... to 15kDhRAcpgsugmh6mQsTcCHdvbsuYncEEV.
1Q2TWHE3GMdB6BZKafqwxXtWAWgFt5Jvm3,address,2009-01-12 03:30:25,Hal Finney receiving key as P2PKH address. NOT Satoshi,https://blockchain.info/rawtx/f4184fc596403b9d638783cf57adfe4c75c605f6356fbc91338530e9831e9e16 ; https://www.bitcoinwhoswho.com/blog/2016/05/08/the-hal-finney-bitcoin-addresses/,participant_testimony,Exclusion/control.
ea44e97271691990157559d0bdd9959e02790c34db6c006d779e82fa5aee708e,txid,2010-11-16 20:39:27,Hal's later spend of the 10 BTC received in block 170. NOT Satoshi,https://blockstream.info/api/tx/ea44e97271691990157559d0bdd9959e02790c34db6c006d779e82fa5aee708e,onchain_record,Block 92240. Output 15kDhRAcpgsugmh6mQsTcCHdvbsuYncEEV (Hal-side; exclusion).
15kDhRAcpgsugmh6mQsTcCHdvbsuYncEEV,address,2010-11-16 20:39:27,Destination of Hal's block-170 coins. NOT Satoshi,https://blockstream.info/api/tx/ea44e97271691990157559d0bdd9959e02790c34db6c006d779e82fa5aee708e,onchain_record,Exclusion/control.
a16f3ce4dd5deb92d98ef5cf8afeaf0775ebca408f708b2146c4fb42b41e14be,txid,2009-01-12 06:02:13,Block 181: Satoshi (block 9 key) sends 10 BTC to unknown recipient; 30 BTC change,https://blockstream.info/api/tx/a16f3ce4dd5deb92d98ef5cf8afeaf0775ebca408f708b2146c4fb42b41e14be ; https://www.bitcoinwhoswho.com/blog/2016/05/08/the-hal-finney-bitcoin-addresses/,onchain_record,Sender is the block 9 key reused from the Hal tx; recipient unknown per BitcoinWhosWho. 10 BTC output never spent.
04b5abd412d4341b45056d3e376cd446eca43fa871b51961330deebd84423e740daa520690e1d9e074654c59ff87b408db903649623e86f1ca5412786f61ade2bf,pubkey,2009-01-12 06:02:13,Recipient of 10 BTC from Satoshi (block 181); owner unknown,https://blockstream.info/api/tx/a16f3ce4dd5deb92d98ef5cf8afeaf0775ebca408f708b2146c4fb42b41e14be,onchain_record,Unspent. Could be Hal or another tester or a Satoshi self-send; no source says which.
1DUDsfc23Dv9sPMEk5RsrtfzCw5ofi5sVW,address,2009-01-12 06:02:13,Block 181 recipient key as P2PKH address; owner unknown,https://blockchain.info/rawtx/a16f3ce4dd5deb92d98ef5cf8afeaf0775ebca408f708b2146c4fb42b41e14be ; https://www.bitcoinwhoswho.com/blog/2016/05/08/the-hal-finney-bitcoin-addresses/,onchain_record,
591e91f809d716912ca1d4a9295e70c3e78bab077683f79350f101da64588073,txid,2009-01-12 06:12:16,Block 182: Satoshi (block 9 key) sends 1 BTC to unknown recipient; 29 BTC change,https://blockstream.info/api/tx/591e91f809d716912ca1d4a9295e70c3e78bab077683f79350f101da64588073,onchain_record,1 BTC output spent in block 221 (298ca204...).
0401518fa1d1e1e3e162852d68d9be1c0abad5e3d6297ec95f1f91b909dc1afe616d6876f92918451ca387c4387609ae1a895007096195a824baf9c38ea98c09c3,pubkey,2009-01-12 06:12:16,Recipient of 1 BTC (block 182); owner unknown,https://blockstream.info/api/tx/591e91f809d716912ca1d4a9295e70c3e78bab077683f79350f101da64588073,onchain_record,Forwarded in block 221 to key 04ea0d66...
1LzBzVqEeuQyjD2mRWHes3dgWrT9titxvq,address,2009-01-12 06:12:16,Block 182 recipient as P2PKH address; owner unknown,https://blockchain.info/rawtx/591e91f809d716912ca1d4a9295e70c3e78bab077683f79350f101da64588073 ; https://www.bitcoinwhoswho.com/blog/2016/05/08/the-hal-finney-bitcoin-addresses/,onchain_record,
298ca2045d174f8a158961806ffc4ef96fad02d71a6b84d9fa0491813a776160,txid,2009-01-12 14:21:00,Block 221: onward spend of the block-182 1 BTC,https://blockstream.info/api/tx/298ca2045d174f8a158961806ffc4ef96fad02d71a6b84d9fa0491813a776160,onchain_record,Output key 04ea0d6650c8305f1213a89c65fc8f4343a5dac8e985c869e51d3aa02879b57c60cff49fcb99314d02dfc612d654e4333150ef61fa569c1c66415602cae387baf7. Owner unknown.
12b5633bad1f9c167d523ad1aa1947b2732a865bf5414eab2f9e5ae5d5c191ba,txid,2009-01-12 06:34:22,Block 183: Satoshi (block 9 key) sends 1 BTC to unknown recipient; 28 BTC change,https://blockstream.info/api/tx/12b5633bad1f9c167d523ad1aa1947b2732a865bf5414eab2f9e5ae5d5c191ba,onchain_record,1 BTC output spent in block 187 (4385fcf8...).
04baa9d36653155627c740b3409a734d4eaf5dcca9fb4f736622ee18efcf0aec2b758b2ec40db18fbae708f691edb2d4a2a3775eb413d16e2e3c0f8d4c69119fd1,pubkey,2009-01-12 06:34:22,Recipient of 1 BTC (block 183); owner unknown,https://blockstream.info/api/tx/12b5633bad1f9c167d523ad1aa1947b2732a865bf5414eab2f9e5ae5d5c191ba,onchain_record,Forwarded in block 187 to key 04fe1b9c...
13HtsYzne8xVPdGDnmJX8gHgBZerAfJGEf,address,2009-01-12 06:34:22,Block 183 recipient as P2PKH address; owner unknown,https://blockchain.info/rawtx/12b5633bad1f9c167d523ad1aa1947b2732a865bf5414eab2f9e5ae5d5c191ba ; https://www.bitcoinwhoswho.com/blog/2016/05/08/the-hal-finney-bitcoin-addresses/,onchain_record,
4385fcf8b14497d0659adccfe06ae7e38e0b5dc95ff8a13d7c62035994a0cd79,txid,2009-01-12 07:16:40,Block 187: onward spend of the block-183 1 BTC,https://blockstream.info/api/tx/4385fcf8b14497d0659adccfe06ae7e38e0b5dc95ff8a13d7c62035994a0cd79,onchain_record,Output key 04fe1b9ccf732e1f6b760c5ed3152388eeeadd4a073e621f741eb157e6a62e3547c8e939abbd6a513bf3a1fbe28f9ea85a4e64c526702435d726f7ff14da40bae4. Owner unknown.
828ef3b079f9c23829c56fe86e85b4a69d9e06e5b54ea597eef5fb3ffef509fe,txid,2009-01-12 20:04:20,Block 248: Satoshi (block 9 key) sends 10 BTC to unknown recipient; 18 BTC change (still unspent),https://blockstream.info/api/tx/828ef3b079f9c23829c56fe86e85b4a69d9e06e5b54ea597eef5fb3ffef509fe,onchain_record,"10 BTC output spent in block 496 (a3b0e9e7..., 3 inputs)."
04bed827d37474beffb37efe533701ac1f7c600957a4487be8b371346f016826ee6f57ba30d88a472a0e4ecd2f07599a795f1f01de78d791b382e65ee1c58b4508,pubkey,2009-01-12 20:04:20,Recipient of 10 BTC (block 248); owner unknown,https://blockstream.info/api/tx/828ef3b079f9c23829c56fe86e85b4a69d9e06e5b54ea597eef5fb3ffef509fe,onchain_record,Spent as input 2 of a3b0e9e7cddbbe78270fa4182a7675ff00b92872d8df7d14265a2b1e379a9d33 (block 496).
1ByLSV2gLRcuqUmfdYcpPQH8Npm8cccsFg,address,2009-01-12 20:04:20,Block 248 recipient as P2PKH address; owner unknown,https://blockchain.info/rawtx/828ef3b079f9c23829c56fe86e85b4a69d9e06e5b54ea597eef5fb3ffef509fe ; https://www.bitcoinwhoswho.com/blog/2016/05/08/the-hal-finney-bitcoin-addresses/,onchain_record,
1NSwywA5Dvuyw89sfs3oLPvLiDNGf48cPD,address,2009-01-12,Satoshi's own receiving address given to Hal ('Just by chance I have my initials'),https://online.wsj.com/public/resources/documents/finneynakamotoemails.pdf,primary_satoshi_email_or_forum,"Email date 'Mon, Jan 12, 2009 at 8:41 AM' in Hal's (Pacific) client; Date only; email timezone not stated. Blockstream shows 12 receipts, first in 2014 (block 318441), never spent, so no pubkey is revealed and no 2009 activity. Not in local p2pkh CSV."
78,block_height,2009-01-11 01:00:54,Block mined by Hal Finney. NOT Satoshi,https://1stbitcoinminer.com/ ; https://www.tftc.io/first-bitcoin-miner-debug-log-hal-finney-alex-waltz,participant_testimony,Exclusion/control. Hal: 'I mined block 70-something'; his wallet screenshot shows block 78. Not in local Patoshi CSV.
7ea1d2304f1f95fae773ed8ef67b51cfd5ab33ea8b6ab0a932ee3e248b7ba74c,txid,2009-01-11 01:00:54,Block 78 coinbase (Hal). NOT Satoshi,https://blockchain.info/rawtx/7ea1d2304f1f95fae773ed8ef67b51cfd5ab33ea8b6ab0a932ee3e248b7ba74c ; https://1stbitcoinminer.com/,participant_testimony,Exclusion/control.
04fd024595ebaa7a83bd672cd7d59e6eb42f0f04e7dc77a4f0634e45c2420d8a949cba06cde901f23d52cda564d494d172ba80281fa2d9c2a2e825e9c462be0da6,pubkey,2009-01-11 01:00:54,Block 78 coinbase key (Hal). NOT Satoshi,https://blockchain.info/rawtx/7ea1d2304f1f95fae773ed8ef67b51cfd5ab33ea8b6ab0a932ee3e248b7ba74c,participant_testimony,Exclusion/control. Not in local Patoshi CSV.
1AiBYt8XbsdyPAELFpcSwRpu45eb2bArMf,address,2009-01-11 01:00:54,Block 78 coinbase key as P2PKH address (Hal). NOT Satoshi,https://1stbitcoinminer.com/,participant_testimony,Exclusion/control.
286,block_height,2009-01-13 04:54:58,Coinbase that funded Satoshi's 25 BTC payment to Dustin Trammell,https://blog.dustintrammell.com/block-286-and-satoshis-coins/,participant_testimony,In local Patoshi CSV (height 286).
00ff9e64c9a2e7793e6f8c2b04072b4b22648cdedd46cd1c3ae3d6a23c8ec1eb,txid,2009-01-13 04:54:58,"Block 286 coinbase, spent by Satoshi to pay Trammell",https://blog.dustintrammell.com/block-286-and-satoshis-coins/ ; https://blockstream.info/api/tx/00ff9e64c9a2e7793e6f8c2b04072b4b22648cdedd46cd1c3ae3d6a23c8ec1eb,participant_testimony,
048b48e109f432a490522f8d0e9e833443809f65b8aa2558b94c1c15eb0fd3e24f32d58a088a2b0e5e694d05e7b981e5c9750827646eb81debc816c3c667eea5fd,pubkey,2009-01-13 04:54:58,Block 286 coinbase key (Satoshi sender/change for Trammell payment),https://blockstream.info/api/tx/d71fd2f64c0b34465b7518d240c00e83f6a5b10138a7079d1252858fe7e6b577,participant_testimony,In local Patoshi CSV (286). 25 BTC change (d71fd2f6...:1) unspent.
1Jhk2DHosaaZx1E4CbnTGcKM7FC88YHYv9,address,2009-01-13 04:54:58,Block 286 key as P2PKH address; Trammell calls it the originating address,https://blog.dustintrammell.com/block-286-and-satoshis-coins/,participant_testimony,Matches local p2pkh CSV row height 286.
d71fd2f64c0b34465b7518d240c00e83f6a5b10138a7079d1252858fe7e6b577,txid,2009-01-15 01:46:26,Satoshi sends 25 BTC to Dustin Trammell (pay-to-IP 24.28.79.95); 25 BTC change,https://blog.dustintrammell.com/block-286-and-satoshis-coins/ ; https://blockstream.info/api/tx/d71fd2f64c0b34465b7518d240c00e83f6a5b10138a7079d1252858fe7e6b577,participant_testimony,"Block 524. Satoshi email Jan 13 2009: 'If you give me your IP, I'll send you some coins.' Trammell's wallet export gives this txid, message 'Hello'."
04f36c67039006ec4ed2c885d7ab0763feb5deb9633cf63841474712e4cf0459356750185fc9d962d0f4a1e08e1a84f0c9a9f826ad067675403c19d752530492dc,pubkey,2009-01-15 01:46:26,Trammell's receiving key. NOT Satoshi,https://blockstream.info/api/tx/d71fd2f64c0b34465b7518d240c00e83f6a5b10138a7079d1252858fe7e6b577,participant_testimony,Exclusion/control.
1DCbY2GYVaAMCBpuBNN5GVg3a47pNK1wdi,address,2009-01-15 01:46:26,Trammell's receiving address (signed-message proof published). NOT Satoshi,https://blog.dustintrammell.com/block-286-and-satoshis-coins/,participant_testimony,Exclusion/control.
309,block_height,2009-01-13 09:38:24,Block mined by Dustin Trammell (signed-message proof). NOT Satoshi,https://1stbitcoinminer.com/ ; https://www.tftc.io/first-bitcoin-miner-debug-log-hal-finney-alex-waltz,participant_testimony,Exclusion/control. Not in local Patoshi CSV. Trammell also claims orphaned blocks on Jan 11 (block 76 is sometimes named; on-chain block 76 IS in the Lopp list).
f2d386c0632e927c343cff451a81a8a03eaa6e9316dab79e56d83e218e329bd3,txid,2009-01-13 09:38:24,Block 309 coinbase (Trammell). NOT Satoshi,https://blockchain.info/rawtx/f2d386c0632e927c343cff451a81a8a03eaa6e9316dab79e56d83e218e329bd3 ; https://1stbitcoinminer.com/,participant_testimony,Exclusion/control.
04e35e21961245dff98fca4f831cb67253cc8413ca04f71366b87e7e389be0e3f66ea351e5d5229c11f474f4e4452ea6409e87d1846f425c17b2239390e26db713,pubkey,2009-01-13 09:38:24,Block 309 coinbase key (Trammell). NOT Satoshi,https://blockchain.info/rawtx/f2d386c0632e927c343cff451a81a8a03eaa6e9316dab79e56d83e218e329bd3,participant_testimony,Exclusion/control.
1627A2DbCtVVykWVJmdQz2ERwkw4uiEL22,address,2009-01-13 09:38:24,Block 309 key as P2PKH address (Trammell). NOT Satoshi,https://1stbitcoinminer.com/,participant_testimony,Exclusion/control.
7d73200eac9b66ea105fe63378c69f5d68663f925297117ed178deaddb6fc3d5,txid,2009-02-01 16:25:12,Satoshi sends 100 BTC to Nicholas Bohm (1CHE5JRf...),https://eth.loan/pdfs/20090202-Re_All's%20well-133273.pdf ; https://blockstream.info/api/tx/7d73200eac9b66ea105fe63378c69f5d68663f925297117ed178deaddb6fc3d5,primary_satoshi_email_or_forum,Block 2616. Satoshi email 2 Feb 2009 quotes Bohm's UI line: '01/02/2009 16:25 Received with ... 1CHE5JRfc5mr8ZtVUP7nnsS5HC4bWcXoc6 +100.00'. Inputs: coinbases of blocks 2485 and 2459 (both in local Patoshi CSV).
2459,block_height,2009-01-31 10:43:56,Coinbase spent in Satoshi's 100 BTC payment to Bohm,https://blockstream.info/api/tx/7d73200eac9b66ea105fe63378c69f5d68663f925297117ed178deaddb6fc3d5,onchain_record,In local Patoshi CSV (2459). Coinbase txid 53b4225429b987d2cb636653aa234a1630cb934c2069c76b8b6b77628df98798.
04c94e9201bc666a688e7dbdc4e5b32728012782b9a0d6b6051290caf69386600b9fe136f6ac3051b516a924e439d3e9985db08900d27fc65c55a84d1837f31fad,pubkey,2009-01-31 10:43:56,"Block 2459 coinbase key (Satoshi, spent to Bohm)",https://blockstream.info/api/tx/7d73200eac9b66ea105fe63378c69f5d68663f925297117ed178deaddb6fc3d5,onchain_record,In local Patoshi CSV (2459).
14pJ6BfHiPdYK6D7YMrqTJc6Y4KeXgRA8c,address,2009-01-31 10:43:56,Block 2459 key as P2PKH address,https://blockchain.info/rawtx/7d73200eac9b66ea105fe63378c69f5d68663f925297117ed178deaddb6fc3d5 ; https://decashed.eth.loan/2025/01/more-bitcoin-addresses-by-satoshi-revealed/,onchain_record,
2485,block_height,2009-01-31 14:51:41,Coinbase spent in Satoshi's 100 BTC payment to Bohm,https://blockstream.info/api/tx/7d73200eac9b66ea105fe63378c69f5d68663f925297117ed178deaddb6fc3d5,onchain_record,In local Patoshi CSV (2485). Coinbase txid f3bac26d501476d6e29a5048866b4653b9ae79f2b6cc29c3312ca0b8ac2b7896.
0449beba546b46a5b6832c4a6b93476a750c637c457b646303a7fa9d1ec7a9239b6f51035361ad14fc1e12464b21e682812ff82531b847d7c24b6ec65ddbb0c00b,pubkey,2009-01-31 14:51:41,"Block 2485 coinbase key (Satoshi, spent to Bohm)",https://blockstream.info/api/tx/7d73200eac9b66ea105fe63378c69f5d68663f925297117ed178deaddb6fc3d5,onchain_record,In local Patoshi CSV (2485).
1M7EFYL39BSxuHWmzTMpamyDZ3j2yAbmvK,address,2009-01-31 14:51:41,Block 2485 key as P2PKH address,https://blockchain.info/rawtx/7d73200eac9b66ea105fe63378c69f5d68663f925297117ed178deaddb6fc3d5 ; https://decashed.eth.loan/2025/01/more-bitcoin-addresses-by-satoshi-revealed/,onchain_record,
1CHE5JRfc5mr8ZtVUP7nnsS5HC4bWcXoc6,address,2009-02-01 16:25:12,Nicholas Bohm's receiving address. NOT Satoshi,https://eth.loan/pdfs/20090202-Re_All's%20well-133273.pdf,primary_satoshi_email_or_forum,Exclusion/control. Satoshi notes Bohm relabelled it with Satoshi's name in his UI.
1GtkM4wviwohP192tec9g83hd9X5qtbk9j,address,2009-02-03,"Satoshi's receiving address given to Bohm ('Sure, it's 1GtkM4...')",https://eth.loan/pdfs/20090203-Re_All's%20well-148664.pdf ; https://decashed.eth.loan/2025/01/more-bitcoin-addresses-by-satoshi-revealed/,primary_satoshi_email_or_forum,"Email dated 03/02/2009 22:29 (UK date format, timezone not stated). Received 19 BTC from Bohm in d85a3b21... (block 2914); only tx, never spent; pubkey not revealed."
d85a3b216f8d8fb27c83d340649966e0b1ae3124bcd8373ffb6284dd775c49e8,txid,2009-02-03 22:55:58,Bohm sends 19 BTC to Satoshi's 1GtkM4...,https://blockstream.info/api/address/1GtkM4wviwohP192tec9g83hd9X5qtbk9j/txs,onchain_record,"Block 2914. Input is Bohm's coinbase-key output (04e7218a..., not in local Patoshi CSV); 31 BTC change back to Bohm."
66ac54c1a3196e839c32c7700fbd91ee37b1ed4a53332e491bf5ddcd3901d0b1,txid,2009-02-03 23:04:52,Satoshi returns 19.01 BTC to Bohm from 18jANvQ6...; 30.99 BTC change to P2PK 04f9f7d1...,https://eth.loan/pdfs/20090203-Bitcoin-155600.pdf ; https://blockstream.info/api/tx/66ac54c1a3196e839c32c7700fbd91ee37b1ed4a53332e491bf5ddcd3901d0b1,participant_testimony,Block 2915. Bohm email 3 Feb 2009: 'The bc19.01 came back pretty swiftly!' Satoshi promised '+0.01 as a confirmation'.
18jANvQ6AuVGJnea4EhmXiAf6bHR5qKjPB,address,2009-02-02 18:21:36,Satoshi-controlled P2PKH address that paid 19.01 BTC to Bohm,https://blockstream.info/api/tx/66ac54c1a3196e839c32c7700fbd91ee37b1ed4a53332e491bf5ddcd3901d0b1 ; https://decashed.eth.loan/2025/01/more-bitcoin-addresses-by-satoshi-revealed/,participant_testimony,Funded by 4b96658d... (block 2754) from the block 688 coinbase. Revealed spending key 04f9f7d1... in 66ac54c1 scriptSig.
04f9f7d18f6262010cd24bc8414bbd15a61396ef817bc7f3c64a200db3c9aec9f4bbf891b7e520386862f0c17aae7d0bdb65d005e19295bdf1aef6834ddd36edc8,pubkey,2009-02-03 23:04:52,Satoshi wallet key behind 18jANvQ6...; also received 30.99 BTC P2PK change,https://blockstream.info/api/tx/66ac54c1a3196e839c32c7700fbd91ee37b1ed4a53332e491bf5ddcd3901d0b1,participant_testimony,Not a coinbase key; not in local Patoshi CSV. Spend status of the 30.99 BTC change not checked.
4b96658d39f7fd4241442e6dc9877c8ee0fe0d82477e6014e1681d1efe052c8d,txid,2009-02-02 18:21:36,Satoshi moves block 688 coinbase (50 BTC) to 18jANvQ6...,https://blockstream.info/api/tx/4b96658d39f7fd4241442e6dc9877c8ee0fe0d82477e6014e1681d1efe052c8d ; https://bitcointalk.org/index.php?topic=5402488.msg60403902#msg60403902,onchain_record,Block 2754. Self-transfer inferred from later 66ac54c1 spend.
688,block_height,2009-01-16 09:40:02,Coinbase spent by Satoshi into 18jANvQ6... (Bohm refund source),https://blockstream.info/api/tx/0030800bdbc219ac7089af0798459a209446750f7322a212b496bdfe842184cd/status,onchain_record,In local Patoshi CSV (688). Coinbase txid 0030800bdbc219ac7089af0798459a209446750f7322a212b496bdfe842184cd.
045e2fe4e8b458a8fc3c75b781bcfba7f119390490cb8eeced31008ee76e4318be9e9d619fb3f419a2db7996dbcbc1565211ec426c7b4475faa40ecca032337fa5,pubkey,2009-01-16 09:40:02,Block 688 coinbase key,https://blockstream.info/api/tx/4b96658d39f7fd4241442e6dc9877c8ee0fe0d82477e6014e1681d1efe052c8d,onchain_record,In local Patoshi CSV (688).
1GEhNKRWcePnKDhAieuAAcW6FkwDNZqKX7,address,2009-01-16 09:40:02,Block 688 key as P2PKH address,https://blockchain.info/rawtx/4b96658d39f7fd4241442e6dc9877c8ee0fe0d82477e6014e1681d1efe052c8d ; https://decashed.eth.loan/2025/01/more-bitcoin-addresses-by-satoshi-revealed/,onchain_record,
1PhUXucRd8FzQved2KGK3g1eKfTHPGjgFu,address,2009-04-14,Satoshi's receiving address given to Mike Hearn ('If you send to 1PhUX... I'll send back the same amount +50'),https://pastebin.com/raw/tN2HRmHH ; https://blog.lopp.net/hal-finney-was-not-satoshi-nakamoto/,primary_satoshi_email_or_forum,"Email 'Tue, Apr 14, 2009 at 7:41 PM' (Hearn's client, Zurich). Received 32.51 (ed7eec75, block 11395) and 50 (2c230fa7, block 11426) from Hearn. The 50 BTC is still unspent. Not in local p2pkh CSV."
04a2b3590604543737ef6a5cbdf438e44ef66d584efab1565759e1bafc72462d6b5f547466e4cbd610f2dcd65f2c0d6a419cf0170c15d7e783edf7d0247fa74f3b,pubkey,2009-04-18 15:55:19,Public key of Satoshi's 1PhUX... (revealed in scriptSig of 6a679898...),https://blockchain.info/rawtx/6a679898780f5d99f0ffa12573b855e0dc470956406eb8b82690b688fa19200f,primary_satoshi_email_or_forum,Not a coinbase key; not in local Patoshi CSV. Only non-coinbase Satoshi key tied directly to a Satoshi-written address found in this search.
ed7eec75f884fbc0539178fb16b4101f6619ee875efca7cda4a2058268f88514,txid,2009-04-18 13:08:22,Hearn sends 32.51 BTC to Satoshi's 1PhUX...,https://blockstream.info/api/address/1PhUXucRd8FzQved2KGK3g1eKfTHPGjgFu/txs ; https://pastebin.com/raw/tN2HRmHH,participant_testimony,Block 11395 (a Patoshi-list block). Hearn email: 'I sent you 32.51 coins'.
6a679898780f5d99f0ffa12573b855e0dc470956406eb8b82690b688fa19200f,txid,2009-04-18 15:55:19,Satoshi returns 32.51 BTC to Hearn (from 1PhUX...),https://blockchain.info/rawtx/6a679898780f5d99f0ffa12573b855e0dc470956406eb8b82690b688fa19200f ; https://blog.lopp.net/hal-finney-was-not-satoshi-nakamoto/ ; https://pastebin.com/raw/tN2HRmHH,primary_satoshi_email_or_forum,Block 11408. Satoshi email: 'I sent back 32.51 and 50.00.'
ea84d39ef6f7b3b23fbf899e11a9bb18478a19413579a69f3005359da7a62c49,txid,2009-04-18 15:55:19,Satoshi sends the '+50.00' to Hearn from the block 5326 coinbase,https://blockchain.info/rawtx/ea84d39ef6f7b3b23fbf899e11a9bb18478a19413579a69f3005359da7a62c49 ; https://pastebin.com/raw/tN2HRmHH ; https://www.bitquery.io/investigations/satoshi-nakamoto-net-worth,primary_satoshi_email_or_forum,Block 11408. Amount and timing match Satoshi's email; Bitquery calls it 'the payment to the developer Mike Hearn in April'. 50 BTC output at 1JuEjh9... unspent.
5326,block_height,2009-02-23 10:05:15,Coinbase spent by Satoshi to pay Hearn 50 BTC (ea84d39e...),https://blockchain.info/rawtx/ea84d39ef6f7b3b23fbf899e11a9bb18478a19413579a69f3005359da7a62c49 ; https://www.bitquery.io/investigations/satoshi-nakamoto-net-worth ; https://blockstream.info/api/tx/000d50bc8ed090e7d07ac8a4807d3483c7df47661f3e1dc156593e2781645bfd/status,primary_satoshi_email_or_forum,In local Patoshi CSV (5326); Bitquery grade medium. Coinbase txid 000d50bc8ed090e7d07ac8a4807d3483c7df47661f3e1dc156593e2781645bfd (also in local spend_status_all.csv).
043c61e73fd7c59761b531306a8420a078f3d37735a55bd6aaf14c743ad7cfa2f10a756067bbbe2dd9a181909ab5fea960c448ecb2e5d6d4618dd60a3131ba9e4b,pubkey,2009-02-23 10:05:15,"Block 5326 coinbase key (Satoshi, spent to Hearn)",https://blockchain.info/rawtx/ea84d39ef6f7b3b23fbf899e11a9bb18478a19413579a69f3005359da7a62c49,primary_satoshi_email_or_forum,In local Patoshi CSV (5326).
1AfRNhdvL5zYL1FTxM9mHyYnHuHK4TpLYh,address,2009-02-23 10:05:15,Block 5326 key as P2PKH address,https://blockchain.info/rawtx/ea84d39ef6f7b3b23fbf899e11a9bb18478a19413579a69f3005359da7a62c49,primary_satoshi_email_or_forum,
2c230fa752edc2291e7b1d77deaaaaff907ef07f1d8f4fc879c77096e763b17f,txid,2009-04-18 19:34:27,Hearn sends 50 BTC back to Satoshi's 1PhUX... ('now we're even'); unspent,https://blockstream.info/api/tx/2c230fa752edc2291e7b1d77deaaaaff907ef07f1d8f4fc879c77096e763b17f ; https://pastebin.com/raw/tN2HRmHH,participant_testimony,Block 11426. Satoshi: 'Got the 50.'
1JuEjh9znXwqsy5RrnKqgzqY4Ldg7rnj5n,address,2009-04-18,Mike Hearn's address. NOT Satoshi,https://pastebin.com/raw/tN2HRmHH,participant_testimony,Exclusion/control. Holds 32.51 + 50 BTC from Satoshi (unspent).
499d0f5d452891ebe18a8c23cc0a554459a0ba3341ef021f3fae15926a977ffd,txid,2010-05-17 22:04:33,Sweep of 10 early coinbases (9 on Lopp list + block 14450) to 500 BTC at 1PYYjU95...,https://blockstream.info/api/tx/499d0f5d452891ebe18a8c23cc0a554459a0ba3341ef021f3fae15926a977ffd ; https://www.bitquery.io/investigations/satoshi-nakamoto-net-worth,secondary_analysis,"Block 56173. Lopp-list inputs: 1760, 3479, 9443, 9925, 10645, 15817, 19093, 23014, 28593. Spender presumed Satoshi only via the Patoshi attribution; no email or post documents it."
14450,block_height,2009-05-14 20:23:07,"Coinbase co-spent in 499d0f5d with nine Lopp-list coinbases, but not on the Lopp list",https://blockstream.info/api/tx/4ea8f6c6e68af23e6e639c2be895a0fdbe1a505e0e43b634a7a709c88443deff/status ; https://www.bitquery.io/investigations/satoshi-nakamoto-net-worth,secondary_analysis,"NOT in local Patoshi CSV. Common-input evidence that the list may be missing this block. Coinbase txid 4ea8f6c6e68af23e6e639c2be895a0fdbe1a505e0e43b634a7a709c88443deff, key 0471104bceb91acfa14ca6ad3692d02ab4ca1e424edcf3f0669805e43fc3720f0ab7f0b91bf15dc33ac97dbac538933be299dd98b6eb433fd77185b697fdbde82f."
1PYYjU95wUM9XDz8mhkuC1ZcYrn4tB3vXe,address,2010-05-17 22:04:33,Recipient of the 500 BTC sweep; owner unknown,https://blockstream.info/api/tx/499d0f5d452891ebe18a8c23cc0a554459a0ba3341ef021f3fae15926a977ffd,secondary_analysis,"Bitquery: the address had taken in coins since the previous January, including other miners' rewards, and passed the sum on the next evening."
56e3e33cfa002b1f681767396d9886fe95d300aca4497c70dad85f1e70761990,txid,2010-05-18 21:20:16,Onward move of the 500 BTC to 12CqG5b...,https://bitcointalk.org/index.php?topic=5473726.20 ; local:analysis/phase3/may2010_paths.csv,secondary_analysis,Block 56340.
12CqG5bLa5uQEzF5BAqqWV3kaWququf2vr,address,2010-05-18 21:20:16,"Holder of the 500 BTC before it joined the 9,000 BTC consolidation",https://bitcointalk.org/index.php?topic=5473726.20,secondary_analysis,
f815694f58d6aa9a1d05368a39c148043ff2c987fd85bdcabbf7e98b6842cba2,txid,2010-06-09 00:38:54,"11-input 9,000 BTC consolidation paying 12ib7dAp...; one input is the Patoshi-derived 500 BTC",https://bitcointalk.org/index.php?topic=5473726.0 ; https://bitcointalk.org/index.php?topic=5473726.20 ; local:analysis/phase3/may2010_paths.csv,secondary_analysis,"Block 59987. Links the May 2010 Patoshi sweep to the 12ib7 cluster, but ownership of intermediate addresses is not established (could be a sale/payment)."
12ib7dApVFvg82TXKycWBNpN8kFyiAN1dr,address,2010-06-09 00:38:54,"Large 2010 address (about 31,000 BTC) claimed by Craig Wright/Tulip Trading; received the 9,000 BTC consolidation",https://bitcointalk.org/index.php?topic=5473726.0,speculation,"Treat as UNRESOLVED/likely not Satoshi. Wright's Satoshi claim was rejected by the UK High Court (COPA v Wright, 2024). The Patoshi link is two hops and passes through third-party-looking consolidations."
028ad2c836163295e4723a49dd418ee8fb55a14613b1186675f01124b60fb763,txid,2010-05-17 23:07:58,Sweep of block 877 and 15625 coinbases: 100 BTC to 1H5wBiJ...,https://blockchain.info/rawtx/028ad2c836163295e4723a49dd418ee8fb55a14613b1186675f01124b60fb763 ; https://www.bitquery.io/investigations/satoshi-nakamoto-net-worth ; https://bitcointalk.org/index.php?topic=5402488.msg60403902#msg60403902,secondary_analysis,"Block 56180. Output spent 2010-07-11 in c7d4fd1b42881d8968949ece19085f432b7bc5b68ed2d3c6723b349fb87f055f (block 65541, per local may2010_paths.csv). Recipient identity not found in any source."
1H5wBiJGX43FLHWz4nzAhLfyENNmYj8uA1,address,2010-05-17 23:07:58,Recipient of 100 BTC May 2010 sweep; owner unknown,https://blockchain.info/rawtx/028ad2c836163295e4723a49dd418ee8fb55a14613b1186675f01124b60fb763 ; https://bitcointalk.org/index.php?topic=5402488.msg60403902#msg60403902,secondary_analysis,
04b33e80c881f44441225a8ad4dc70adce93f7d996cded32d570438ec815499d3f29b288a6f22691d747bf2785c71d89a6a6ee0c621b9b3a7413c52bc8a5d4dab9,pubkey,2009-05-26 13:35:09,Block 15625 coinbase key (input to 028ad2c8),https://blockchain.info/rawtx/028ad2c836163295e4723a49dd418ee8fb55a14613b1186675f01124b60fb763,secondary_analysis,In local Patoshi CSV (15625); Bitquery calls 15625 a known false negative of its own classifier. P2PKH form 1JquTndL9WWPBmR7p1L2gFvCmBoziJBb1C.
04cb3ad6e3e2435fd622aa709697bc2ebb47f9f92b86eb5bc425baf5493720c7a940eb93915b3932a50fbbc2819fe402e491e4ec99587d9114f35d841da7e86a23,pubkey,2009-01-18 04:59:11,Block 877 coinbase key (input to 028ad2c8),https://blockchain.info/rawtx/028ad2c836163295e4723a49dd418ee8fb55a14613b1186675f01124b60fb763,secondary_analysis,In local Patoshi CSV (877). P2PKH form 1CPoDZcupzrLJCPvPovsyQJCgSjgwzHocD.
d3b94dcede3cbb08c7c0fdd1889478baa5a0b482cd917f276fa07be702326385,txid,2010-07-23 03:17:33,"Spend of block 29097 coinbase (Lopp list, Bitquery low grade) to 1LzLve1uY7hmq71AimBEeRuHf7qEtnP4Xr",https://bitcointalk.org/index.php?topic=5402488.msg60403902#msg60403902 ; https://www.bitquery.io/investigations/satoshi-nakamoto-net-worth,secondary_analysis,Attribution to Satoshi weak (list-edge region). Recipient unknown.
66829539576d0b3b9180aa882622675760c23e5ba7f862dcb38dba034993636d,txid,2010-07-21 04:22:01,"Spend of block 24504 coinbase (Lopp list, Bitquery low grade)",https://www.bitquery.io/investigations/satoshi-nakamoto-net-worth,secondary_analysis,Attribution weak. Recipient not examined.
c2a9e7f555f9dbfa76b0d5fb1d007ce2c687e7875f6033c38caf7e28925b6eb5,txid,2010-04-25 19:11:33,Spend of block 49174 coinbase (Lopp list; NOT in Bitquery set),https://www.bitquery.io/investigations/satoshi-nakamoto-net-worth,secondary_analysis,Attribution disputed.
29591d211054478ed22c93571955cb92ef4ec2b40d914a43ba3a91d52a171c61,txid,2011-06-02 18:44:59,"Spend of block 2577 coinbase (Lopp list, Bitquery HIGH grade) in a 205-input consolidation to 165PccgvdnJEJymZbyNCX29QgoUhmjy3rL (10,249 BTC)",https://blockchain.info/rawtx/29591d211054478ed22c93571955cb92ef4ec2b40d914a43ba3a91d52a171c61 ; https://www.bitquery.io/investigations/satoshi-nakamoto-net-worth,secondary_analysis,Bitquery and Whale Alert disagree on whether 2577 is Satoshi's. A 205-input consolidation looks like a service or large holder; identity not found.
1FeexV6bAHb8ybZjqQMjJrcCrHGW9sb6uF,address,2011,"Mt. Gox 2011 theft address (~79,956 BTC). NOT Satoshi",https://gizmodo.com/disgraced-mt-gox-ceo-suggests-bitcoin-hard-fork-to-recover-5-billion-in-customer-funds-2000728118,secondary_analysis,Exclusion. Also claimed by Craig Wright; claim not accepted.
15VjRaDX9zpbA8LVnbrCAFzrVzN7ixHNsC,address,2010,Gavin Andresen's Bitcoin Faucet donation address. NOT Satoshi and NOT a bitcoin.org address,https://satoshi.nakamotoinstitute.org/posts/bitcointalk/threads/88/,participant_testimony,Exclusion. Posted by Gavin in 'Donations to freebitcoins.appspot.com needed!'. Satoshi's only post in that thread gives no address. The Dec 2010 bitcoin.org homepage (Wayback) shows no donation address.
14EXchS9j3AAfim6mL4jtw6VWMosSUiG5U,address,2010,Martti Malmi (Sirius) donation address given in reply to Satoshi. NOT Satoshi,https://mmalmi.github.io/satoshi/#email-211,participant_testimony,"Exclusion. Satoshi asked 'Would a donation of bitcoins help?' but no Satoshi payment to it is recorded; only two dust receipts (2018, 2024)."
7dff938918f07619abd38e4510890396b1cef4fbeca154fb7aafba8843295ea2,txid,2009-10-12 04:21:18,"Malmi sells 5,050 BTC to NewLibertyStandard for $5.02. NOT Satoshi",https://github.com/kryptokrauts/kk-website/issues/20,participant_testimony,Exclusion. Block 24835. No Satoshi to NewLibertyStandard transaction found.
