width,low,high,span,extractor,extractor_density,csv_only,csv_only_density,csv,csv_density
1000,3,999,997,833,0.835506519558676,0,0.0,833,0.835506519558676
1000,1000,1999,1000,829,0.829,0,0.0,829,0.829
1000,2000,2999,1000,709,0.709,0,0.0,709,0.709
1000,3000,3999,1000,688,0.688,0,0.0,688,0.688
1000,4000,4999,1000,706,0.706,0,0.0,706,0.706
1000,5000,5999,1000,806,0.806,0,0.0,806,0.806
1000,6000,6999,1000,792,0.792,0,0.0,792,0.792
1000,7000,7999,1000,763,0.763,0,0.0,763,0.763
1000,8000,8999,1000,46,0.046,694,0.694,740,0.74
1000,9000,9999,1000,3,0.003,752,0.752,755,0.755
1000,10000,10999,1000,7,0.007,795,0.795,802,0.802
1000,11000,11999,1000,0,0.0,731,0.731,731,0.731
1000,12000,12999,1000,0,0.0,741,0.741,741,0.741
1000,13000,13999,1000,0,0.0,688,0.688,688,0.688
1000,14000,14999,1000,0,0.0,709,0.709,709,0.709
1000,15000,15999,1000,0,0.0,771,0.771,771,0.771
1000,16000,16999,1000,0,0.0,746,0.746,746,0.746
1000,17000,17999,1000,0,0.0,661,0.661,661,0.661
1000,18000,18999,1000,0,0.0,620,0.62,620,0.62
1000,19000,19999,1000,0,0.0,708,0.708,708,0.708
1000,20000,20999,1000,0,0.0,557,0.557,557,0.557
1000,21000,21999,1000,0,0.0,581,0.581,581,0.581
1000,22000,22999,1000,0,0.0,731,0.731,731,0.731
1000,23000,23999,1000,0,0.0,620,0.62,620,0.62
1000,24000,24999,1000,0,0.0,402,0.402,402,0.402
1000,25000,25999,1000,0,0.0,225,0.225,225,0.225
1000,26000,26999,1000,0,0.0,287,0.287,287,0.287
1000,27000,27999,1000,0,0.0,336,0.336,336,0.336
1000,28000,28999,1000,0,0.0,330,0.33,330,0.33
1000,29000,29999,1000,0,0.0,275,0.275,275,0.275
1000,30000,30999,1000,0,0.0,150,0.15,150,0.15
1000,31000,31999,1000,0,0.0,200,0.2,200,0.2
1000,32000,32999,1000,0,0.0,174,0.174,174,0.174
1000,33000,33999,1000,0,0.0,178,0.178,178,0.178
1000,34000,34999,1000,0,0.0,191,0.191,191,0.191
1000,35000,35999,1000,0,0.0,127,0.127,127,0.127
1000,36000,36999,1000,0,0.0,158,0.158,158,0.158
1000,37000,37999,1000,0,0.0,70,0.07,70,0.07
1000,38000,38999,1000,0,0.0,132,0.132,132,0.132
1000,39000,39999,1000,0,0.0,149,0.149,149,0.149
1000,40000,40999,1000,0,0.0,123,0.123,123,0.123
1000,41000,41999,1000,0,0.0,118,0.118,118,0.118
1000,42000,42999,1000,0,0.0,137,0.137,137,0.137
1000,43000,43999,1000,0,0.0,139,0.139,139,0.139
1000,44000,44999,1000,0,0.0,144,0.144,144,0.144
1000,45000,45999,1000,0,0.0,165,0.165,165,0.165
1000,46000,46999,1000,0,0.0,146,0.146,146,0.146
1000,47000,47999,1000,0,0.0,123,0.123,123,0.123
1000,48000,48999,1000,0,0.0,116,0.116,116,0.116
1000,49000,49973,974,1,0.001026694045174538,70,0.07186858316221766,71,0.0728952772073922
5000,3,4999,4997,3765,0.7534520712427456,0,0.0,3765,0.7534520712427456
5000,5000,9999,5000,2410,0.482,1446,0.2892,3856,0.7712
5000,10000,14999,5000,7,0.0014,3664,0.7328,3671,0.7342
5000,15000,19999,5000,0,0.0,3506,0.7012,3506,0.7012
5000,20000,24999,5000,0,0.0,2891,0.5782,2891,0.5782
5000,25000,29999,5000,0,0.0,1453,0.2906,1453,0.2906
5000,30000,34999,5000,0,0.0,893,0.1786,893,0.1786
5000,35000,39999,5000,0,0.0,636,0.1272,636,0.1272
5000,40000,44999,5000,0,0.0,661,0.1322,661,0.1322
5000,45000,49973,4974,1,0.0002010454362685967,620,0.12464817048652996,621,0.12484921592279856
