height,listed,co_spend_label,band,spent,track_fit,window_prior,posterior,posterior_min_over_settings,settings_naming_at_0_9,extra_nonce,time
29,False,unclustered,True,False,True,0.20214,0.98135,0.97653,5,13,2009-01-10 15:31:43
193,False,unclustered,True,False,True,0.20214,0.98135,0.97653,5,15,2009-01-12 08:04:15
194,False,unclustered,True,False,True,0.20214,0.98135,0.97653,5,17,2009-01-12 08:10:44
195,False,unclustered,True,False,True,0.20214,0.98135,0.97653,5,26,2009-01-12 08:33:45
196,False,unclustered,True,False,True,0.20214,0.98135,0.97653,5,28,2009-01-12 08:47:26
197,False,unclustered,True,False,True,0.20214,0.98135,0.97653,5,31,2009-01-12 09:08:32
2133,False,unclustered,True,False,True,0.20214,0.98135,0.97653,5,9,2009-01-28 16:54:10
2135,False,unclustered,True,False,True,0.20214,0.98135,0.97653,5,19,2009-01-28 17:33:17
2137,False,unclustered,True,False,True,0.20214,0.98135,0.97653,5,22,2009-01-28 17:54:51
2138,False,unclustered,True,False,True,0.20214,0.98135,0.97653,5,23,2009-01-28 18:10:53
2139,False,unclustered,True,False,True,0.20214,0.98135,0.97653,5,27,2009-01-28 18:22:50
2140,False,unclustered,True,False,True,0.20214,0.98135,0.97653,5,34,2009-01-28 18:47:21
2141,False,unclustered,True,False,True,0.20214,0.98135,0.97653,5,40,2009-01-28 19:11:25
52531,False,unclustered,True,False,True,0.21214,0.97442,0.97442,5,4206,2010-04-22 13:55:57
52673,False,unclustered,True,False,True,0.21214,0.97442,0.97442,5,575,2010-04-23 14:28:52
52705,False,unclustered,True,False,True,0.21214,0.97442,0.97442,5,1132,2010-04-23 19:06:03
52749,False,unclustered,True,False,True,0.21214,0.97442,0.97442,5,2382,2010-04-24 02:57:21
52761,False,unclustered,True,False,True,0.21214,0.97442,0.97442,5,2687,2010-04-24 05:13:50
52767,False,unclustered,True,False,True,0.21214,0.97442,0.97442,5,2856,2010-04-24 06:05:36
52781,False,unclustered,True,False,True,0.21214,0.97442,0.97442,5,3184,2010-04-24 08:16:26
52808,False,unclustered,True,False,True,0.21214,0.97442,0.97442,5,3697,2010-04-24 12:41:11
52991,False,unclustered,True,False,True,0.21214,0.97442,0.97442,5,6375,2010-04-25 14:47:36
53065,False,unclustered,True,False,True,0.21214,0.97442,0.97442,5,1453,2010-04-26 00:25:06
53074,False,unclustered,True,False,True,0.21214,0.97442,0.97442,5,1866,2010-04-26 01:57:29
53117,False,unclustered,True,False,True,0.21214,0.97442,0.97442,5,2640,2010-04-26 08:16:06
53133,False,unclustered,True,False,True,0.21214,0.97442,0.97442,5,2910,2010-04-26 10:20:22
53181,False,unclustered,True,False,True,0.21214,0.97442,0.97442,5,3466,2010-04-26 17:08:10
53186,False,unclustered,True,False,True,0.21214,0.97442,0.97442,5,3587,2010-04-26 18:24:02
53200,False,unclustered,True,False,True,0.21214,0.97442,0.97442,5,3793,2010-04-26 20:53:08
53224,False,unclustered,True,False,True,0.21214,0.97442,0.97442,5,4117,2010-04-26 23:59:41
53238,False,unclustered,True,False,True,0.21214,0.97442,0.97442,5,4493,2010-04-27 02:30:05
53318,False,unclustered,True,False,True,0.21214,0.97442,0.97442,5,5471,2010-04-27 12:29:04
53484,False,unclustered,True,False,True,0.21214,0.97442,0.97442,5,1805,2010-04-28 11:15:33
53488,False,unclustered,True,False,True,0.21214,0.97442,0.97442,5,1818,2010-04-28 11:31:19
53509,False,unclustered,True,False,True,0.21214,0.97442,0.97442,5,2063,2010-04-28 14:35:02
53605,False,unclustered,True,False,True,0.21214,0.97442,0.97442,5,4064,2010-04-29 03:10:51
53631,False,unclustered,True,False,True,0.21214,0.97442,0.97442,5,4832,2010-04-29 08:13:27
53636,False,unclustered,True,False,True,0.21214,0.97442,0.97442,5,4943,2010-04-29 09:10:27
53730,False,unclustered,True,False,True,0.21214,0.97442,0.97442,5,205,2010-04-29 23:48:26
53802,False,unclustered,True,False,True,0.21214,0.97442,0.97442,5,1879,2010-04-30 11:28:05
53809,False,unclustered,True,False,True,0.21214,0.97442,0.97442,5,2059,2010-04-30 12:43:24
53861,False,unclustered,True,False,True,0.21214,0.97442,0.97442,5,3582,2010-04-30 21:43:11
53863,False,unclustered,True,False,True,0.21214,0.97442,0.97442,5,3590,2010-04-30 21:52:27
53934,False,unclustered,True,False,True,0.21214,0.97442,0.97442,5,352,2010-05-01 08:18:30
54033,False,unclustered,True,False,True,0.21214,0.97442,0.97442,5,6077,2010-05-01 20:47:40
54100,False,unclustered,True,False,True,0.21214,0.97442,0.97442,5,659,2010-05-02 06:20:19
54311,False,unclustered,True,False,True,0.21214,0.97442,0.97442,5,4468,2010-05-03 12:15:28
50882,False,unclustered,True,False,True,0.1617,0.96465,0.96465,5,198,2010-04-14 23:28:49
51112,False,unclustered,True,False,True,0.1617,0.96465,0.96465,5,2520,2010-04-16 01:40:47
51216,False,unclustered,True,False,True,0.1617,0.96465,0.96465,5,4016,2010-04-16 13:35:52
51226,False,unclustered,True,False,True,0.1617,0.96465,0.96465,5,4061,2010-04-16 14:27:55
51231,False,unclustered,True,False,True,0.1617,0.96465,0.96465,5,4098,2010-04-16 15:04:25
51237,False,unclustered,True,False,True,0.1617,0.96465,0.96465,5,4184,2010-04-16 16:03:13
51295,False,unclustered,True,False,True,0.1617,0.96465,0.96465,5,4567,2010-04-16 21:50:14
51303,False,unclustered,True,False,True,0.1617,0.96465,0.96465,5,4642,2010-04-16 23:16:26
51444,False,unclustered,True,False,True,0.1617,0.96465,0.96465,5,6404,2010-04-17 15:18:57
51451,False,unclustered,True,False,True,0.1617,0.96465,0.96465,5,6453,2010-04-17 16:34:42
51522,False,unclustered,True,False,True,0.1617,0.96465,0.96465,5,431,2010-04-17 23:45:36
51544,False,unclustered,True,False,True,0.1617,0.96465,0.96465,5,537,2010-04-18 02:02:20
51558,False,unclustered,True,False,True,0.1617,0.96465,0.96465,5,594,2010-04-18 03:25:07
51583,False,unclustered,True,False,True,0.1617,0.96465,0.96465,5,737,2010-04-18 05:05:14
51639,False,unclustered,True,False,True,0.1617,0.96465,0.96465,5,1080,2010-04-18 09:22:22
51650,False,unclustered,True,False,True,0.1617,0.96465,0.96465,5,1254,2010-04-18 10:39:53
51720,False,unclustered,True,False,True,0.1617,0.96465,0.96465,5,1842,2010-04-18 17:14:54
51728,False,unclustered,True,False,True,0.1617,0.96465,0.96465,5,1888,2010-04-18 17:57:26
51737,False,unclustered,True,False,True,0.1617,0.96465,0.96465,5,1912,2010-04-18 18:46:36
51793,False,unclustered,True,False,True,0.1617,0.96465,0.96465,5,2453,2010-04-19 02:38:51
51795,False,unclustered,True,False,True,0.1617,0.96465,0.96465,5,2466,2010-04-19 02:54:25
51801,False,unclustered,True,False,True,0.1617,0.96465,0.96465,5,2509,2010-04-19 03:29:03
51858,False,unclustered,True,False,True,0.1617,0.96465,0.96465,5,3210,2010-04-19 09:59:27
51873,False,unclustered,True,False,True,0.1617,0.96465,0.96465,5,3360,2010-04-19 10:50:43
51938,False,unclustered,True,False,True,0.1617,0.96465,0.96465,5,4105,2010-04-19 17:23:33
51989,False,unclustered,True,False,True,0.1617,0.96465,0.96465,5,4444,2010-04-19 22:36:03
52063,False,unclustered,True,False,True,0.1617,0.96465,0.96465,5,4926,2010-04-20 07:01:53
52107,False,unclustered,True,False,True,0.1617,0.96465,0.96465,5,5773,2010-04-20 13:03:24
52148,False,unclustered,True,False,True,0.1617,0.96465,0.96465,5,6156,2010-04-20 17:26:53
52278,False,unclustered,True,False,True,0.1617,0.96465,0.96465,5,1000,2010-04-21 06:51:57
52294,False,unclustered,True,False,True,0.1617,0.96465,0.96465,5,1092,2010-04-21 08:13:48
52297,False,unclustered,True,False,True,0.1617,0.96465,0.96465,5,1129,2010-04-21 08:43:31
52339,False,unclustered,True,False,True,0.1617,0.96465,0.96465,5,1824,2010-04-21 15:10:14
52391,False,unclustered,True,False,True,0.1617,0.96465,0.96465,5,2159,2010-04-21 20:08:15
52418,False,unclustered,True,False,True,0.1617,0.96465,0.96465,5,2459,2010-04-21 22:12:48
52431,False,unclustered,True,False,True,0.1617,0.96465,0.96465,5,2996,2010-04-22 01:17:08
25035,False,unclustered,True,False,True,0.19648,0.93969,0.93214,5,12,2009-10-15 10:14:19
25036,False,unclustered,True,False,True,0.19648,0.93969,0.93214,5,18,2009-10-15 10:38:55
25039,False,unclustered,True,False,True,0.19648,0.93969,0.93214,5,30,2009-10-15 11:44:37
25040,False,unclustered,True,False,True,0.19648,0.93969,0.93214,5,31,2009-10-15 11:54:29
25044,False,unclustered,True,False,True,0.19648,0.93969,0.93214,5,37,2009-10-15 13:45:32
25681,False,unclustered,True,False,True,0.19648,0.93969,0.93214,5,50,2009-10-23 09:39:01
25686,False,unclustered,True,False,True,0.19648,0.93969,0.93214,5,55,2009-10-23 11:05:58
25688,False,unclustered,True,False,True,0.19648,0.93969,0.93214,5,59,2009-10-23 12:02:22
25704,False,unclustered,True,False,True,0.19648,0.93969,0.93214,5,88,2009-10-23 16:14:30
25727,False,unclustered,True,False,True,0.19648,0.93969,0.93214,5,25,2009-10-23 20:57:32
25730,False,unclustered,True,False,True,0.19648,0.93969,0.93214,5,30,2009-10-23 21:37:01
26341,False,unclustered,True,False,True,0.19648,0.93969,0.93214,5,6,2009-11-03 21:21:00
26601,False,unclustered,True,False,True,0.19648,0.93969,0.93214,5,12,2009-11-08 01:11:03
26660,False,unclustered,True,False,True,0.19648,0.93969,0.93214,5,273,2009-11-08 20:31:17
26663,False,unclustered,True,False,True,0.19648,0.93969,0.93214,5,286,2009-11-08 22:38:22
26667,False,unclustered,True,False,True,0.19648,0.93969,0.93214,5,287,2009-11-08 23:01:07
26677,False,unclustered,True,False,True,0.19648,0.93969,0.93214,5,303,2009-11-09 02:11:02
26828,False,unclustered,True,False,True,0.19648,0.93969,0.93214,5,66,2009-11-11 07:39:31
26834,False,unclustered,True,False,True,0.19648,0.93969,0.93214,5,74,2009-11-11 09:18:43
26873,False,unclustered,True,False,True,0.19648,0.93969,0.93214,5,47,2009-11-11 23:35:43
26886,False,unclustered,True,False,True,0.19648,0.93969,0.93214,5,27,2009-11-12 05:18:41
26889,False,unclustered,True,False,True,0.19648,0.93969,0.93214,5,30,2009-11-12 06:26:30
26890,False,unclustered,True,False,True,0.19648,0.93969,0.93214,5,34,2009-11-12 06:40:01
26894,False,unclustered,True,False,True,0.19648,0.93969,0.93214,5,56,2009-11-12 08:19:07
26909,False,unclustered,True,False,True,0.19648,0.93969,0.93214,5,139,2009-11-12 12:22:20
27476,False,unclustered,True,False,True,0.19648,0.93969,0.93214,5,118,2009-11-19 03:46:51
27477,False,unclustered,True,False,True,0.19648,0.93969,0.93214,5,123,2009-11-19 03:59:20
14450,False,patoshi,True,True,True,0.01024,0.99942,0.91247,5,14,2009-05-14 20:23:07
18040,False,unclustered,True,False,True,0.04532,0.90793,0.85856,3,37,2009-06-25 17:40:22
168,False,unclustered,True,False,True,0.20214,0.98135,0.85584,3,3,2009-01-11 23:39:41
174,False,unclustered,True,False,True,0.20214,0.98135,0.85584,3,19,2009-01-12 04:01:01
192,False,unclustered,True,False,True,0.20214,0.98135,0.85584,3,13,2009-01-12 07:59:24
2132,False,unclustered,True,False,True,0.20214,0.98135,0.85584,3,6,2009-01-28 16:44:53
4306,False,unclustered,True,False,True,0.03127,0.87022,0.85253,2,2,2009-02-14 21:18:57
1,False,unclustered,True,False,,0.20214,0.83416,0.82911,0,4,2009-01-09 02:54:25
28,False,unclustered,True,False,,0.20214,0.83416,0.82911,0,9,2009-01-10 15:30:57
163,False,unclustered,True,False,,0.20214,0.83416,0.82911,0,12,2009-01-11 23:01:57
164,False,unclustered,True,False,,0.20214,0.83416,0.82911,0,8,2009-01-11 23:09:07
165,False,unclustered,True,False,,0.20214,0.83416,0.82911,0,1,2009-01-11 23:24:05
1297,False,unclustered,True,False,,0.20214,0.83416,0.82911,0,585,2009-01-22 01:32:48
2172,False,unclustered,True,False,,0.20214,0.83416,0.82911,0,11,2009-01-29 01:28:38
16013,False,unclustered,True,False,True,0.01588,0.77025,0.77025,2,10,2009-05-30 01:09:34
52590,False,unclustered,True,False,True,0.21214,0.97442,0.75946,4,5708,2010-04-23 01:21:04
52596,False,unclustered,True,False,True,0.21214,0.97442,0.75946,4,5799,2010-04-23 03:00:13
52643,False,unclustered,True,False,True,0.21214,0.97442,0.75946,4,199,2010-04-23 10:08:08
52668,False,unclustered,True,False,True,0.21214,0.97442,0.75946,4,447,2010-04-23 13:10:55
52927,False,unclustered,True,False,True,0.21214,0.97442,0.75946,4,5524,2010-04-25 03:56:06
52973,False,unclustered,True,False,True,0.21214,0.97442,0.75946,4,6027,2010-04-25 12:17:51
53126,False,unclustered,True,False,True,0.21214,0.97442,0.75946,4,2764,2010-04-26 09:30:05
53505,False,unclustered,True,False,True,0.21214,0.97442,0.75946,4,2011,2010-04-28 13:53:07
53835,False,unclustered,True,False,True,0.21214,0.97442,0.75946,4,2656,2010-04-30 16:35:34
53872,False,unclustered,True,False,True,0.21214,0.97442,0.75946,4,3807,2010-04-30 23:24:16
53882,False,unclustered,True,False,True,0.21214,0.97442,0.75946,4,3953,2010-05-01 01:02:01
54131,False,unclustered,True,False,True,0.21214,0.97442,0.75946,4,997,2010-05-02 10:52:21
54164,False,unclustered,True,False,True,0.21214,0.97442,0.75946,4,1491,2010-05-02 15:36:46
54216,False,unclustered,True,False,True,0.21214,0.97442,0.75946,4,2729,2010-05-03 00:17:00
54275,False,unclustered,True,False,True,0.21214,0.97442,0.75946,4,3629,2010-05-03 07:29:12
44017,False,unclustered,True,False,True,0.04408,0.7461,0.7461,0,965,2010-03-06 03:31:29
44144,False,unclustered,True,False,True,0.04408,0.7461,0.7461,0,216,2010-03-06 21:20:15
44181,False,unclustered,True,False,True,0.04408,0.7461,0.7461,0,467,2010-03-07 02:29:15
44261,False,unclustered,True,False,True,0.04408,0.7461,0.7461,0,1131,2010-03-07 13:57:26
44269,False,unclustered,True,False,True,0.04408,0.7461,0.7461,0,1182,2010-03-07 15:26:37
52526,False,unclustered,True,False,True,0.21214,0.97442,0.72452,3,4150,2010-04-22 13:02:45
52540,False,unclustered,True,False,True,0.21214,0.97442,0.72452,3,4594,2010-04-22 16:31:42
52544,False,unclustered,True,False,True,0.21214,0.97442,0.72452,3,4675,2010-04-22 17:18:46
52550,False,unclustered,True,False,True,0.21214,0.97442,0.72452,3,4967,2010-04-22 18:29:23
52551,False,unclustered,True,False,True,0.21214,0.97442,0.72452,3,4973,2010-04-22 19:01:39
52581,False,unclustered,True,False,True,0.21214,0.97442,0.72452,3,5626,2010-04-22 23:40:50
52593,False,unclustered,True,False,True,0.21214,0.97442,0.72452,3,5714,2010-04-23 01:46:34
52689,False,unclustered,True,False,True,0.21214,0.97442,0.72452,3,832,2010-04-23 17:02:58
52690,False,unclustered,True,False,True,0.21214,0.97442,0.72452,3,833,2010-04-23 17:25:13
52717,False,unclustered,True,False,True,0.21214,0.97442,0.72452,3,1107,2010-04-23 21:30:21
52719,False,unclustered,True,False,True,0.21214,0.97442,0.72452,3,1444,2010-04-23 21:33:19
52721,False,unclustered,True,False,True,0.21214,0.97442,0.72452,3,1111,2010-04-23 21:41:31
52732,False,unclustered,True,False,True,0.21214,0.97442,0.72452,3,1734,2010-04-23 23:32:35
52773,False,unclustered,True,False,True,0.21214,0.97442,0.72452,3,2969,2010-04-24 06:53:44
52791,False,unclustered,True,False,True,0.21214,0.97442,0.72452,3,3424,2010-04-24 10:01:11
52796,False,unclustered,True,False,True,0.21214,0.97442,0.72452,3,3430,2010-04-24 10:28:45
52826,False,unclustered,True,False,True,0.21214,0.97442,0.72452,3,3822,2010-04-24 15:18:18
52854,False,unclustered,True,False,True,0.21214,0.97442,0.72452,3,2093,2010-04-24 18:51:27
52861,False,unclustered,True,False,True,0.21214,0.97442,0.72452,3,4299,2010-04-24 19:12:15
52870,False,unclustered,True,False,True,0.21214,0.97442,0.72452,3,4467,2010-04-24 20:15:43
52905,False,unclustered,True,False,True,0.21214,0.97442,0.72452,3,5004,2010-04-25 00:33:47
52914,False,unclustered,True,False,True,0.21214,0.97442,0.72452,3,5195,2010-04-25 02:08:05
52920,False,unclustered,True,False,True,0.21214,0.97442,0.72452,3,5430,2010-04-25 03:06:11
52936,False,unclustered,True,False,True,0.21214,0.97442,0.72452,3,5631,2010-04-25 05:38:09
52945,False,unclustered,True,False,True,0.21214,0.97442,0.72452,3,5854,2010-04-25 07:12:56
52961,False,unclustered,True,False,True,0.21214,0.97442,0.72452,3,5962,2010-04-25 09:27:51
53020,False,unclustered,True,False,True,0.21214,0.97442,0.72452,3,467,2010-04-25 18:53:06
53042,False,unclustered,True,False,True,0.21214,0.97442,0.72452,3,1015,2010-04-25 21:11:59
53083,False,unclustered,True,False,True,0.21214,0.97442,0.72452,3,2034,2010-04-26 02:55:51
53091,False,unclustered,True,False,True,0.21214,0.97442,0.72452,3,2044,2010-04-26 03:52:54
53101,False,unclustered,True,False,True,0.21214,0.97442,0.72452,3,2477,2010-04-26 06:14:32
53150,False,unclustered,True,False,True,0.21214,0.97442,0.72452,3,3119,2010-04-26 12:22:48
53171,False,unclustered,True,False,True,0.21214,0.97442,0.72452,3,3317,2010-04-26 15:16:27
53205,False,unclustered,True,False,True,0.21214,0.97442,0.72452,3,3811,2010-04-26 21:25:35
53209,False,unclustered,True,False,True,0.21214,0.97442,0.72452,3,3862,2010-04-26 21:49:05
53257,False,unclustered,True,False,True,0.21214,0.97442,0.72452,3,4726,2010-04-27 05:05:45
53292,False,unclustered,True,False,True,0.21214,0.97442,0.72452,3,5178,2010-04-27 09:43:52
53299,False,unclustered,True,False,True,0.21214,0.97442,0.72452,3,5355,2010-04-27 10:37:01
53302,False,unclustered,True,False,True,0.21214,0.97442,0.72452,3,5387,2010-04-27 11:00:43
53312,False,unclustered,True,False,True,0.21214,0.97442,0.72452,3,5396,2010-04-27 12:00:26
53378,False,unclustered,True,False,True,0.21214,0.97442,0.72452,3,137,2010-04-27 20:43:52
53433,False,unclustered,True,False,True,0.21214,0.97442,0.72452,3,602,2010-04-28 02:48:45
53438,False,unclustered,True,False,True,0.21214,0.97442,0.72452,3,743,2010-04-28 03:59:28
53443,False,unclustered,True,False,True,0.21214,0.97442,0.72452,3,777,2010-04-28 04:57:31
53462,False,unclustered,True,False,True,0.21214,0.97442,0.72452,3,1249,2010-04-28 07:45:42
53470,False,unclustered,True,False,True,0.21214,0.97442,0.72452,3,1345,2010-04-28 09:02:55
53495,False,unclustered,True,False,True,0.21214,0.97442,0.72452,3,1890,2010-04-28 12:22:40
53534,False,unclustered,True,False,True,0.21214,0.97442,0.72452,3,2797,2010-04-28 18:37:53
53553,False,unclustered,True,False,True,0.21214,0.97442,0.72452,3,2875,2010-04-28 20:16:06
53569,False,unclustered,True,False,True,0.21214,0.97442,0.72452,3,3422,2010-04-28 22:25:02
53578,False,unclustered,True,False,True,0.21214,0.97442,0.72452,3,3539,2010-04-28 23:28:20
53600,False,unclustered,True,False,True,0.21214,0.97442,0.72452,3,3950,2010-04-29 01:53:22
53617,False,unclustered,True,False,True,0.21214,0.97442,0.72452,3,4314,2010-04-29 04:56:44
53660,False,unclustered,True,False,True,0.21214,0.97442,0.72452,3,5347,2010-04-29 12:58:35
53676,False,unclustered,True,False,True,0.21214,0.97442,0.72452,3,5802,2010-04-29 16:00:03
53749,False,unclustered,True,False,True,0.21214,0.97442,0.72452,3,544,2010-04-30 02:33:33
53759,False,unclustered,True,False,True,0.21214,0.97442,0.72452,3,760,2010-04-30 03:39:35
53766,False,unclustered,True,False,True,0.21214,0.97442,0.72452,3,900,2010-04-30 05:24:42
53804,False,unclustered,True,False,True,0.21214,0.97442,0.72452,3,1903,2010-04-30 11:50:23
53829,False,unclustered,True,False,True,0.21214,0.97442,0.72452,3,2546,2010-04-30 15:36:18
53849,False,unclustered,True,False,True,0.21214,0.97442,0.72452,3,3221,2010-04-30 19:55:24
53913,False,unclustered,True,False,True,0.21214,0.97442,0.72452,3,4646,2010-05-01 04:55:54
53928,False,unclustered,True,False,True,0.21214,0.97442,0.72452,3,71,2010-05-01 07:18:08
53929,False,unclustered,True,False,True,0.21214,0.97442,0.72452,3,4963,2010-05-01 07:34:54
53965,False,unclustered,True,False,True,0.21214,0.97442,0.72452,3,114,2010-05-01 12:20:10
53998,False,unclustered,True,False,True,0.21214,0.97442,0.72452,3,5717,2010-05-01 17:17:52
54008,False,unclustered,True,False,True,0.21214,0.97442,0.72452,3,5901,2010-05-01 18:28:39
54019,False,unclustered,True,False,True,0.21214,0.97442,0.72452,3,5910,2010-05-01 19:19:32
54042,False,unclustered,True,False,True,0.21214,0.97442,0.72452,3,6175,2010-05-01 21:53:58
54074,False,unclustered,True,False,True,0.21214,0.97442,0.72452,3,340,2010-05-02 03:28:58
54106,False,unclustered,True,False,True,0.21214,0.97442,0.72452,3,827,2010-05-02 07:05:33
54113,False,unclustered,True,False,True,0.21214,0.97442,0.72452,3,867,2010-05-02 07:44:13
54121,False,unclustered,True,False,True,0.21214,0.97442,0.72452,3,869,2010-05-02 09:04:47
54154,False,unclustered,True,False,True,0.21214,0.97442,0.72452,3,1298,2010-05-02 14:03:51
54183,False,unclustered,True,False,True,0.21214,0.97442,0.72452,3,2074,2010-05-02 19:29:37
54191,False,unclustered,True,False,True,0.21214,0.97442,0.72452,3,2229,2010-05-02 20:29:35
54309,False,unclustered,True,False,True,0.21214,0.97442,0.72452,3,4309,2010-05-03 11:16:31
50988,False,unclustered,True,False,True,0.1617,0.96465,0.68581,4,1304,2010-04-15 11:29:38
51186,False,unclustered,True,False,True,0.1617,0.96465,0.68581,4,3849,2010-04-16 11:13:39
51300,False,unclustered,True,False,True,0.1617,0.96465,0.68581,4,4618,2010-04-16 22:52:37
51440,False,unclustered,True,False,True,0.1617,0.96465,0.68581,4,6358,2010-04-17 14:20:30
51563,False,unclustered,True,False,True,0.1617,0.96465,0.68581,4,607,2010-04-18 03:47:08
51576,False,unclustered,True,False,True,0.1617,0.96465,0.68581,4,680,2010-04-18 04:41:07
51664,False,unclustered,True,False,True,0.1617,0.96465,0.68581,4,1394,2010-04-18 11:53:57
51685,False,unclustered,True,False,True,0.1617,0.96465,0.68581,4,265,2010-04-18 13:46:58
51817,False,unclustered,True,False,True,0.1617,0.96465,0.68581,4,2819,2010-04-19 06:08:18
51837,False,unclustered,True,False,True,0.1617,0.96465,0.68581,4,2879,2010-04-19 08:13:55
52044,False,unclustered,True,False,True,0.1617,0.96465,0.68581,4,4769,2010-04-20 05:17:06
52150,False,unclustered,True,False,True,0.1617,0.96465,0.68581,4,6251,2010-04-20 17:52:05
52356,False,unclustered,True,False,True,0.1617,0.96465,0.68581,4,1954,2010-04-21 16:40:24
52377,False,unclustered,True,False,True,0.1617,0.96465,0.68581,4,2094,2010-04-21 19:08:27
52494,False,unclustered,True,False,True,0.1617,0.96465,0.68581,4,3867,2010-04-22 09:14:49
14444,False,unclustered,True,False,True,0.01024,0.6825,0.6825,1,2,2009-05-14 18:33:28
25374,False,unclustered,True,False,True,0.19648,0.93969,0.67708,3,50,2009-10-19 23:07:32
25387,False,unclustered,True,False,True,0.19648,0.93969,0.67708,3,128,2009-10-20 01:09:10
25677,False,unclustered,True,False,True,0.19648,0.93969,0.67708,3,31,2009-10-23 08:07:06
25697,False,unclustered,True,False,True,0.19648,0.93969,0.67708,3,82,2009-10-23 14:58:06
25724,False,unclustered,True,False,True,0.19648,0.93969,0.67708,3,20,2009-10-23 19:55:43
25817,False,unclustered,True,False,True,0.19648,0.93969,0.67708,3,23,2009-10-25 05:17:39
26817,False,unclustered,True,False,True,0.19648,0.93969,0.67708,3,20,2009-11-11 02:03:14
26875,False,unclustered,True,False,True,0.19648,0.93969,0.67708,3,52,2009-11-12 00:05:46
50906,False,unclustered,True,False,True,0.1617,0.96465,0.64985,3,488,2010-04-15 01:57:30
50908,False,unclustered,True,False,True,0.1617,0.96465,0.64985,3,305,2010-04-15 02:04:11
50914,False,unclustered,True,False,True,0.1617,0.96465,0.64985,3,591,2010-04-15 02:53:28
50958,False,unclustered,True,False,True,0.1617,0.96465,0.64985,3,1062,2010-04-15 08:09:02
50970,False,unclustered,True,False,True,0.1617,0.96465,0.64985,3,1179,2010-04-15 09:10:52
51003,False,unclustered,True,False,True,0.1617,0.96465,0.64985,3,157,2010-04-15 12:51:30
51007,False,unclustered,True,False,True,0.1617,0.96465,0.64985,3,1494,2010-04-15 13:13:53
51018,False,unclustered,True,False,True,0.1617,0.96465,0.64985,3,1565,2010-04-15 14:05:47
51024,False,unclustered,True,False,True,0.1617,0.96465,0.64985,3,1568,2010-04-15 14:24:54
51051,False,unclustered,True,False,True,0.1617,0.96465,0.64985,3,2004,2010-04-15 18:14:31
51053,False,unclustered,True,False,True,0.1617,0.96465,0.64985,3,35,2010-04-15 18:16:23
51064,False,unclustered,True,False,True,0.1617,0.96465,0.64985,3,2062,2010-04-15 19:36:52
51117,False,unclustered,True,False,True,0.1617,0.96465,0.64985,3,2671,2010-04-16 02:17:03
51125,False,unclustered,True,False,True,0.1617,0.96465,0.64985,3,2828,2010-04-16 03:29:19
51132,False,unclustered,True,False,True,0.1617,0.96465,0.64985,3,2835,2010-04-16 04:33:46
51170,False,unclustered,True,False,True,0.1617,0.96465,0.64985,3,3657,2010-04-16 08:48:10
51172,False,unclustered,True,False,True,0.1617,0.96465,0.64985,3,3736,2010-04-16 09:17:05
51179,False,unclustered,True,False,True,0.1617,0.96465,0.64985,3,3766,2010-04-16 10:33:18
51205,False,unclustered,True,False,True,0.1617,0.96465,0.64985,3,3986,2010-04-16 13:01:41
51257,False,unclustered,True,False,True,0.1617,0.96465,0.64985,3,4341,2010-04-16 18:23:01
51298,False,unclustered,True,False,True,0.1617,0.96465,0.64985,3,4598,2010-04-16 22:12:15
51334,False,unclustered,True,False,True,0.1617,0.96465,0.64985,3,5133,2010-04-17 03:18:35
51346,False,unclustered,True,False,True,0.1617,0.96465,0.64985,3,5335,2010-04-17 04:50:19
51366,False,unclustered,True,False,True,0.1617,0.96465,0.64985,3,578,2010-04-17 07:14:38
51408,False,unclustered,True,False,True,0.1617,0.96465,0.64985,3,6126,2010-04-17 10:52:49
51418,False,unclustered,True,False,True,0.1617,0.96465,0.64985,3,6229,2010-04-17 12:11:51
51422,False,unclustered,True,False,True,0.1617,0.96465,0.64985,3,6231,2010-04-17 12:40:26
51484,False,unclustered,True,False,True,0.1617,0.96465,0.64985,3,136,2010-04-17 20:27:56
51610,False,unclustered,True,False,True,0.1617,0.96465,0.64985,3,964,2010-04-18 07:05:49
51626,False,unclustered,True,False,True,0.1617,0.96465,0.64985,3,992,2010-04-18 08:23:22
51710,False,unclustered,True,False,True,0.1617,0.96465,0.64985,3,1810,2010-04-18 16:11:43
51715,False,unclustered,True,False,True,0.1617,0.96465,0.64985,3,1815,2010-04-18 16:48:32
51757,False,unclustered,True,False,True,0.1617,0.96465,0.64985,3,2054,2010-04-18 21:50:55
51809,False,unclustered,True,False,True,0.1617,0.96465,0.64985,3,2593,2010-04-19 04:57:51
51820,False,unclustered,True,False,True,0.1617,0.96465,0.64985,3,2848,2010-04-19 06:30:06
51830,False,unclustered,True,False,True,0.1617,0.96465,0.64985,3,2852,2010-04-19 07:48:10
51845,False,unclustered,True,False,True,0.1617,0.96465,0.64985,3,2977,2010-04-19 09:03:22
51893,False,unclustered,True,False,True,0.1617,0.96465,0.64985,3,3688,2010-04-19 13:04:01
51900,False,unclustered,True,False,True,0.1617,0.96465,0.64985,3,3708,2010-04-19 13:40:12
51927,False,unclustered,True,False,True,0.1617,0.96465,0.64985,3,3976,2010-04-19 15:55:09
51997,False,unclustered,True,False,True,0.1617,0.96465,0.64985,3,4448,2010-04-19 23:17:06
52002,False,unclustered,True,False,True,0.1617,0.96465,0.64985,3,4533,2010-04-20 00:00:36
52013,False,unclustered,True,False,True,0.1617,0.96465,0.64985,3,4616,2010-04-20 01:40:43
52028,False,unclustered,True,False,True,0.1617,0.96465,0.64985,3,4629,2010-04-20 03:02:37
52048,False,unclustered,True,False,True,0.1617,0.96465,0.64985,3,4844,2010-04-20 05:47:14
52055,False,unclustered,True,False,True,0.1617,0.96465,0.64985,3,4871,2010-04-20 06:28:35
52110,False,unclustered,True,False,True,0.1617,0.96465,0.64985,3,5783,2010-04-20 13:19:08
52117,False,unclustered,True,False,True,0.1617,0.96465,0.64985,3,5915,2010-04-20 13:57:45
52126,False,unclustered,True,False,True,0.1617,0.96465,0.64985,3,5934,2010-04-20 15:19:26
52171,False,unclustered,True,False,True,0.1617,0.96465,0.64985,3,6449,2010-04-20 21:02:43
52325,False,unclustered,True,False,True,0.1617,0.96465,0.64985,3,1497,2010-04-21 12:47:27
52367,False,unclustered,True,False,True,0.1617,0.96465,0.64985,3,1978,2010-04-21 17:36:03
52380,False,unclustered,True,False,True,0.1617,0.96465,0.64985,3,2099,2010-04-21 19:24:36
52408,False,unclustered,True,False,True,0.1617,0.96465,0.64985,3,2257,2010-04-21 21:14:58
52457,False,unclustered,True,False,True,0.1617,0.96465,0.64985,3,3383,2010-04-22 04:25:58
52476,False,unclustered,True,False,True,0.1617,0.96465,0.64985,3,3612,2010-04-22 06:39:46
35580,False,unclustered,True,False,True,0.02826,0.64949,0.64949,1,311,2010-01-21 04:35:57
35608,False,unclustered,True,False,True,0.02826,0.64949,0.64949,1,364,2010-01-21 08:20:59
30196,False,unclustered,True,False,True,0.03867,0.71937,0.63607,0,105,2009-12-18 03:41:59
48638,False,unclustered,True,False,True,0.02986,0.66233,0.63492,0,88,2010-04-03 01:59:07
48664,False,unclustered,True,False,True,0.02986,0.66233,0.63492,0,171,2010-04-03 05:00:06
49512,False,unclustered,True,False,True,0.02986,0.66233,0.63492,0,1174,2010-04-08 06:08:27
52564,False,unclustered,True,False,True,0.21214,0.97442,0.63355,3,5272,2010-04-22 20:36:59
52635,False,unclustered,True,False,True,0.21214,0.97442,0.63355,3,155,2010-04-23 09:29:12
52679,False,unclustered,True,False,True,0.21214,0.97442,0.63355,3,654,2010-04-23 15:06:52
52710,False,unclustered,True,False,True,0.21214,0.97442,0.63355,3,1226,2010-04-23 19:47:04
52726,False,unclustered,True,False,True,0.21214,0.97442,0.63355,3,1582,2010-04-23 22:40:19
52820,False,unclustered,True,False,True,0.21214,0.97442,0.63355,3,3803,2010-04-24 14:38:25
52844,False,unclustered,True,False,True,0.21214,0.97442,0.63355,3,4017,2010-04-24 17:41:14
52878,False,unclustered,True,False,True,0.21214,0.97442,0.63355,3,4509,2010-04-24 20:56:23
53036,False,unclustered,True,False,True,0.21214,0.97442,0.63355,3,804,2010-04-25 20:21:29
53111,False,unclustered,True,False,True,0.21214,0.97442,0.63355,3,2585,2010-04-26 07:34:25
53281,False,unclustered,True,False,True,0.21214,0.97442,0.63355,3,5017,2010-04-27 08:33:49
53329,False,unclustered,True,False,True,0.21214,0.97442,0.63355,3,5746,2010-04-27 14:02:18
53548,False,unclustered,True,False,True,0.21214,0.97442,0.63355,3,2857,2010-04-28 19:43:24
53639,False,unclustered,True,False,True,0.21214,0.97442,0.63355,3,5006,2010-04-29 09:40:35
53663,False,unclustered,True,False,True,0.21214,0.97442,0.63355,3,5382,2010-04-29 13:29:04
53733,False,unclustered,True,False,True,0.21214,0.97442,0.63355,3,221,2010-04-30 00:08:45
53740,False,unclustered,True,False,True,0.21214,0.97442,0.63355,3,315,2010-04-30 01:00:18
53821,False,unclustered,True,False,True,0.21214,0.97442,0.63355,3,2318,2010-04-30 14:35:10
53889,False,unclustered,True,False,True,0.21214,0.97442,0.63355,3,4082,2010-05-01 01:54:38
53927,False,unclustered,True,False,True,0.21214,0.97442,0.63355,3,4922,2010-05-01 06:57:40
53932,False,unclustered,True,False,True,0.21214,0.97442,0.63355,3,5014,2010-05-01 08:05:55
53961,False,unclustered,True,False,True,0.21214,0.97442,0.63355,3,5191,2010-05-01 11:46:33
54144,False,unclustered,True,False,True,0.21214,0.97442,0.63355,3,1205,2010-05-02 12:35:06
54254,False,unclustered,True,False,True,0.21214,0.97442,0.63355,3,3034,2010-05-03 04:23:12
54281,False,unclustered,True,False,True,0.21214,0.97442,0.63355,3,3652,2010-05-03 07:48:58
54301,False,unclustered,True,False,True,0.21214,0.97442,0.63355,3,4057,2010-05-03 09:54:42
45920,False,unclustered,True,False,True,0.02013,0.5669,0.56459,0,108,2010-03-19 13:01:12
45933,False,unclustered,True,False,True,0.02013,0.5669,0.56459,0,220,2010-03-19 14:34:03
46755,False,unclustered,True,False,True,0.02013,0.5669,0.56459,0,447,2010-03-23 23:13:26
50771,False,unclustered,True,False,True,0.1617,0.96465,0.54667,3,128,2010-04-14 09:31:48
50883,False,unclustered,True,False,True,0.1617,0.96465,0.54667,3,235,2010-04-14 23:46:12
50935,False,unclustered,True,False,True,0.1617,0.96465,0.54667,3,891,2010-04-15 05:40:30
50992,False,unclustered,True,False,True,0.1617,0.96465,0.54667,3,1347,2010-04-15 11:42:51
51156,False,unclustered,True,False,True,0.1617,0.96465,0.54667,3,3324,2010-04-16 07:26:44
51527,False,unclustered,True,False,True,0.1617,0.96465,0.54667,3,448,2010-04-18 00:32:56
51770,False,unclustered,True,False,True,0.1617,0.96465,0.54667,3,2195,2010-04-19 00:01:40
51944,False,unclustered,True,False,True,0.1617,0.96465,0.54667,3,4174,2010-04-19 18:13:02
52075,False,unclustered,True,False,True,0.1617,0.96465,0.54667,3,5091,2010-04-20 08:25:20
52252,False,unclustered,True,False,True,0.1617,0.96465,0.54667,3,712,2010-04-21 04:42:13
52441,False,unclustered,True,False,True,0.1617,0.96465,0.54667,3,3097,2010-04-22 02:15:17
52461,False,unclustered,True,False,True,0.1617,0.96465,0.54667,3,3385,2010-04-22 04:43:02
52577,False,unclustered,True,False,True,0.21214,0.97442,0.52395,2,5598,2010-04-22 22:53:21
52648,False,unclustered,True,False,True,0.21214,0.97442,0.52395,2,333,2010-04-23 11:18:42
52775,False,unclustered,True,False,True,0.21214,0.97442,0.52395,2,3101,2010-04-24 07:23:23
52833,False,unclustered,True,False,True,0.21214,0.97442,0.52395,2,3868,2010-04-24 16:09:41
52955,False,unclustered,True,False,True,0.21214,0.97442,0.52395,2,5947,2010-04-25 08:35:24
52967,False,unclustered,True,False,True,0.21214,0.97442,0.52395,2,6017,2010-04-25 10:53:04
53140,False,unclustered,True,False,True,0.21214,0.97442,0.52395,2,3072,2010-04-26 11:21:55
53161,False,unclustered,True,False,True,0.21214,0.97442,0.52395,2,3296,2010-04-26 14:02:39
53191,False,unclustered,True,False,True,0.21214,0.97442,0.52395,2,3722,2010-04-26 19:26:37
53216,False,unclustered,True,False,True,0.21214,0.97442,0.52395,2,3932,2010-04-26 22:59:12
53398,False,unclustered,True,False,True,0.21214,0.97442,0.52395,3,294,2010-04-27 23:04:05
53409,False,unclustered,True,False,True,0.21214,0.97442,0.52395,3,312,2010-04-28 00:09:37
53501,False,unclustered,True,False,True,0.21214,0.97442,0.52395,2,1921,2010-04-28 13:11:10
53521,False,unclustered,True,False,True,0.21214,0.97442,0.52395,2,2294,2010-04-28 16:27:05
53593,False,unclustered,True,False,True,0.21214,0.97442,0.52395,2,3931,2010-04-29 01:03:35
53615,False,unclustered,True,False,True,0.21214,0.97442,0.52395,2,4232,2010-04-29 04:35:45
53621,False,unclustered,True,False,True,0.21214,0.97442,0.52395,3,4629,2010-04-29 06:31:19
53654,False,unclustered,True,False,True,0.21214,0.97442,0.52395,2,5285,2010-04-29 11:46:28
53657,False,unclustered,True,False,True,0.21214,0.97442,0.52395,2,5342,2010-04-29 12:33:10
53975,False,unclustered,True,False,True,0.21214,0.97442,0.52395,2,5427,2010-05-01 13:42:50
53996,False,unclustered,True,False,True,0.21214,0.97442,0.52395,2,5715,2010-05-01 16:56:09
54206,False,unclustered,True,False,True,0.21214,0.97442,0.52395,2,2298,2010-05-02 21:58:37
54222,False,unclustered,True,False,True,0.21214,0.97442,0.52395,3,2746,2010-05-03 00:42:18
54264,False,unclustered,True,False,True,0.21214,0.97442,0.52395,2,3274,2010-05-03 06:05:24
25050,False,unclustered,True,False,True,0.19648,0.93969,0.50695,4,70,2009-10-15 15:03:03
25388,False,unclustered,True,False,True,0.19648,0.93969,0.50695,4,171,2009-10-20 01:24:49
25655,False,unclustered,True,False,True,0.19648,0.93969,0.50695,4,10,2009-10-23 03:05:34
25692,False,unclustered,True,False,True,0.19648,0.93969,0.50695,4,65,2009-10-23 13:08:11
26662,False,unclustered,True,False,True,0.19648,0.93969,0.50695,4,277,2009-11-08 22:00:22
26668,False,unclustered,True,False,True,0.19648,0.93969,0.50695,4,291,2009-11-08 23:57:28
26837,False,unclustered,True,False,True,0.19648,0.93969,0.50695,4,76,2009-11-11 09:59:53
26898,False,unclustered,True,False,True,0.19648,0.93969,0.50695,4,63,2009-11-12 08:44:45
26899,False,unclustered,True,False,True,0.19648,0.93969,0.50695,4,81,2009-11-12 09:04:09
26900,False,unclustered,True,False,True,0.19648,0.93969,0.50695,4,88,2009-11-12 09:20:45
26902,False,unclustered,True,False,True,0.19648,0.93969,0.50695,4,94,2009-11-12 10:29:12
27474,False,unclustered,True,False,True,0.19648,0.93969,0.50695,4,101,2009-11-19 03:09:50
27475,False,unclustered,True,False,True,0.19648,0.93969,0.50695,4,112,2009-11-19 03:24:07
27478,False,unclustered,True,False,True,0.19648,0.93969,0.50695,4,132,2009-11-19 04:51:42
50762,False,unclustered,True,False,True,0.1617,0.96465,0.42753,3,126,2010-04-14 08:45:18
50923,False,unclustered,True,False,True,0.1617,0.96465,0.42753,2,814,2010-04-15 04:18:44
50950,False,unclustered,True,False,True,0.1617,0.96465,0.42753,2,1046,2010-04-15 06:49:54
50977,False,unclustered,True,False,True,0.1617,0.96465,0.42753,2,1196,2010-04-15 10:26:59
51034,False,unclustered,True,False,True,0.1617,0.96465,0.42753,2,1638,2010-04-15 15:27:56
51323,False,unclustered,True,False,True,0.1617,0.96465,0.42753,2,5123,2010-04-17 02:25:39
51354,False,unclustered,True,False,True,0.1617,0.96465,0.42753,2,5472,2010-04-17 05:21:00
51396,False,unclustered,True,False,True,0.1617,0.96465,0.42753,2,2063,2010-04-17 09:57:58
51492,False,unclustered,True,False,True,0.1617,0.96465,0.42753,2,154,2010-04-17 21:36:55
51763,False,unclustered,True,False,True,0.1617,0.96465,0.42753,2,2075,2010-04-18 22:53:49
51911,False,unclustered,True,False,True,0.1617,0.96465,0.42753,2,3873,2010-04-19 14:31:30
52082,False,unclustered,True,False,True,0.1617,0.96465,0.42753,2,5179,2010-04-20 09:34:31
52140,False,unclustered,True,False,True,0.1617,0.96465,0.42753,2,6056,2010-04-20 16:56:10
52230,False,unclustered,True,False,True,0.1617,0.96465,0.42753,2,216,2010-04-21 02:22:13
52262,False,unclustered,True,False,True,0.1617,0.96465,0.42753,2,882,2010-04-21 05:41:36
52305,False,unclustered,True,False,True,0.1617,0.96465,0.42753,2,1233,2010-04-21 10:21:16
52313,False,unclustered,True,False,True,0.1617,0.96465,0.42753,2,1483,2010-04-21 11:31:16
52343,False,unclustered,True,False,True,0.1617,0.96465,0.42753,2,1913,2010-04-21 15:37:40
52451,False,unclustered,True,False,True,0.1617,0.96465,0.42753,2,3319,2010-04-22 03:32:19
52482,False,unclustered,True,False,True,0.1617,0.96465,0.42753,2,3779,2010-04-22 07:47:32
25430,False,unclustered,True,False,True,0.19648,0.93969,0.40014,3,171,2009-10-20 10:11:10
25602,False,unclustered,True,False,True,0.19648,0.93969,0.40014,2,387,2009-10-22 13:11:59
25673,False,unclustered,True,False,True,0.19648,0.93969,0.40014,3,21,2009-10-23 06:58:14
26407,False,unclustered,True,False,True,0.19648,0.93969,0.40014,3,25,2009-11-04 23:42:15
26683,False,unclustered,True,False,True,0.19648,0.93969,0.40014,3,315,2009-11-09 03:44:17
26822,False,unclustered,True,False,True,0.19648,0.93969,0.40014,2,11,2009-11-11 03:38:22
26823,False,unclustered,True,False,True,0.19648,0.93969,0.40014,3,37,2009-11-11 04:14:55
26840,False,unclustered,True,False,True,0.19648,0.93969,0.40014,2,105,2009-11-11 11:26:38
26879,False,unclustered,True,False,True,0.19648,0.93969,0.40014,3,80,2009-11-12 01:48:17
27302,False,unclustered,True,False,True,0.19648,0.93969,0.40014,2,66,2009-11-17 02:18:34
25033,False,unclustered,True,False,True,0.19648,0.93969,0.38524,1,4,2009-10-15 09:35:54
25679,False,unclustered,True,False,True,0.19648,0.93969,0.38524,1,45,2009-10-23 08:18:24
25694,False,unclustered,True,False,True,0.19648,0.93969,0.38524,1,80,2009-10-23 13:37:24
25714,False,unclustered,True,False,True,0.19648,0.93969,0.38524,1,15,2009-10-23 18:30:48
25732,False,unclustered,True,False,True,0.19648,0.93969,0.38524,2,32,2009-10-23 22:27:52
26671,False,unclustered,True,False,True,0.19648,0.93969,0.38524,2,301,2009-11-09 00:21:21
26680,False,unclustered,True,False,True,0.19648,0.93969,0.38524,2,307,2009-11-09 03:13:43
26884,False,unclustered,True,False,True,0.19648,0.93969,0.38524,1,13,2009-11-12 03:55:18
26893,False,unclustered,True,False,True,0.19648,0.93969,0.38524,2,36,2009-11-12 07:16:43
53738,False,unclustered,True,False,True,0.21214,0.97442,0.37131,1,40,2010-04-30 00:34:14
51089,False,unclustered,True,False,True,0.1617,0.96465,0.29504,2,2247,2010-04-15 22:40:37
51746,False,unclustered,True,False,True,0.1617,0.96465,0.29504,2,1932,2010-04-18 20:09:39
43500,False,unclustered,True,False,True,0.04408,0.7461,0.23966,0,1304,2010-03-03 03:46:07
44210,False,unclustered,True,False,True,0.04408,0.7461,0.23966,0,736,2010-03-07 08:33:12
175,False,unclustered,True,False,True,0.20214,0.98135,0.20212,1,7,2009-01-12 04:17:56
188,False,unclustered,True,False,True,0.20214,0.98135,0.20212,1,3,2009-01-12 07:22:17
35578,False,unclustered,True,False,True,0.02826,0.64949,0.19917,0,307,2010-01-21 04:04:16
35601,False,unclustered,True,False,True,0.02826,0.64949,0.19917,0,360,2010-01-21 07:44:35
2,False,unclustered,True,False,True,0.20214,0.98135,0.16977,2,11,2009-01-09 02:55:44
170,False,unclustered,True,False,True,0.20214,0.98135,0.16977,4,2,2009-01-12 03:30:25
176,False,unclustered,True,False,True,0.20214,0.98135,0.16977,2,18,2009-01-12 04:39:02
2134,False,unclustered,True,False,True,0.20214,0.98135,0.16977,2,17,2009-01-28 17:08:13
44194,False,unclustered,True,False,True,0.04408,0.7461,0.13877,0,549,2010-03-07 05:17:10
44931,False,unclustered,True,False,True,0.04408,0.7461,0.13877,0,1767,2010-03-12 03:02:13
44190,False,unclustered,True,False,True,0.04408,0.7461,0.12617,0,535,2010-03-07 03:57:38
42759,False,unclustered,True,False,True,0.04408,0.7461,0.08945,0,2224,2010-02-26 22:39:08
43437,False,unclustered,True,False,True,0.04408,0.7461,0.08945,0,371,2010-03-02 18:04:08
43485,False,unclustered,True,False,True,0.04408,0.7461,0.08945,0,1393,2010-03-03 01:12:22
43508,False,unclustered,True,False,True,0.04408,0.7461,0.08945,0,1405,2010-03-03 04:36:50
44150,False,unclustered,True,False,True,0.04408,0.7461,0.08945,0,242,2010-03-06 22:23:17
44844,False,unclustered,True,False,True,0.04408,0.7461,0.08945,0,651,2010-03-11 13:11:27
44928,False,unclustered,True,False,True,0.04408,0.7461,0.08945,0,1766,2010-03-12 02:31:43
44934,False,unclustered,True,False,True,0.04408,0.7461,0.08945,0,1777,2010-03-12 03:41:11
30152,False,unclustered,True,False,True,0.03867,0.71937,0.08536,0,27,2009-12-17 21:39:03
30162,False,unclustered,True,False,True,0.03867,0.71937,0.08536,0,37,2009-12-17 23:03:14
30288,False,unclustered,True,False,True,0.03867,0.71937,0.08197,0,232,2009-12-18 14:42:48
30656,False,unclustered,True,False,True,0.03867,0.71937,0.08197,0,601,2009-12-20 08:49:50
172,False,unclustered,True,False,True,0.20214,0.98135,0.08018,3,6,2009-01-12 03:44:13
189,False,unclustered,True,False,True,0.20214,0.98135,0.08018,1,11,2009-01-12 07:26:29
190,False,unclustered,True,False,True,0.20214,0.98135,0.08018,1,10,2009-01-12 07:31:41
48865,False,unclustered,True,False,True,0.02986,0.66233,0.07563,0,189,2010-04-04 11:35:18
49523,False,unclustered,True,False,True,0.02986,0.66233,0.07563,0,1247,2010-04-08 07:05:38
30181,False,unclustered,True,False,True,0.03867,0.71937,0.07385,0,85,2009-12-18 01:32:54
30198,False,unclustered,True,False,True,0.03867,0.71937,0.07385,0,113,2009-12-18 03:58:27
35554,False,unclustered,True,False,True,0.02826,0.64949,0.07194,0,183,2010-01-21 00:18:26
35590,False,unclustered,True,False,True,0.02826,0.64949,0.07194,0,327,2010-01-21 06:01:12
45914,False,unclustered,True,False,True,0.02013,0.5669,0.05509,0,87,2010-03-19 12:08:10
48894,False,unclustered,True,False,True,0.02986,0.66233,0.04512,0,698,2010-04-04 15:54:19
30056,False,unclustered,True,False,True,0.03867,0.71937,0.04376,0,600,2009-12-17 09:20:08
30156,False,unclustered,True,False,True,0.03867,0.71937,0.04376,0,34,2009-12-17 22:24:09
30166,False,unclustered,True,False,True,0.03867,0.71937,0.04376,0,38,2009-12-17 23:41:42
30183,False,unclustered,True,False,True,0.03867,0.71937,0.04376,0,91,2009-12-18 02:01:45
30189,False,unclustered,True,False,True,0.03867,0.71937,0.04376,0,92,2009-12-18 02:49:36
30211,False,unclustered,True,False,True,0.03867,0.71937,0.04376,0,117,2009-12-18 05:23:48
30258,False,unclustered,True,False,True,0.03867,0.71937,0.04376,0,202,2009-12-18 11:47:11
30418,False,unclustered,True,False,True,0.03867,0.71937,0.04376,0,362,2009-12-19 02:53:21
30751,False,unclustered,True,False,True,0.03867,0.71937,0.04376,0,362,2009-12-20 21:32:27
30752,False,unclustered,True,False,True,0.03867,0.71937,0.04376,0,698,2009-12-20 21:35:33
31853,False,unclustered,True,False,True,0.03867,0.71937,0.04376,0,558,2009-12-27 17:26:57
18039,False,unclustered,True,False,True,0.04532,0.90793,0.03658,1,28,2009-06-25 17:25:35
18041,False,unclustered,True,False,True,0.04532,0.90793,0.03658,1,48,2009-06-25 17:56:52
3744,False,unclustered,True,False,True,0.03127,0.87022,0.02657,0,121,2009-02-10 11:20:07
17973,False,unclustered,True,False,True,0.04532,0.90793,0.02535,2,523,2009-06-24 19:58:33
48124,False,unclustered,True,False,True,0.02986,0.66233,0.02487,0,282,2010-03-31 03:58:10
48318,False,unclustered,True,False,True,0.02986,0.66233,0.02487,0,38,2010-04-01 03:06:03
48332,False,unclustered,True,False,True,0.02986,0.66233,0.02487,0,155,2010-04-01 04:21:49
48337,False,unclustered,True,False,True,0.02986,0.66233,0.02487,0,194,2010-04-01 05:48:07
48426,False,unclustered,True,False,True,0.02986,0.66233,0.02487,0,1335,2010-04-01 17:51:06
48429,False,unclustered,True,False,True,0.02986,0.66233,0.02487,0,1402,2010-04-01 18:12:53
48454,False,unclustered,True,False,True,0.02986,0.66233,0.02487,0,66,2010-04-01 22:22:30
48864,False,unclustered,True,False,True,0.02986,0.66233,0.02487,0,272,2010-04-04 11:34:32
48879,False,unclustered,True,False,True,0.02986,0.66233,0.02487,0,584,2010-04-04 13:56:05
48902,False,unclustered,True,False,True,0.02986,0.66233,0.02487,0,718,2010-04-04 17:04:44
48907,False,unclustered,True,False,True,0.02986,0.66233,0.02487,0,802,2010-04-04 18:01:39
49280,False,unclustered,True,False,True,0.02986,0.66233,0.02487,0,3081,2010-04-07 01:27:01
49388,False,unclustered,True,False,True,0.02986,0.66233,0.02487,0,878,2010-04-07 14:36:18
49504,False,unclustered,True,False,True,0.02986,0.66233,0.02487,0,1164,2010-04-08 05:37:36
49529,False,unclustered,True,False,True,0.02986,0.66233,0.02487,0,97,2010-04-08 08:27:48
49534,False,unclustered,True,False,True,0.02986,0.66233,0.02487,0,1433,2010-04-08 08:46:52
45909,False,unclustered,True,False,True,0.02013,0.5669,0.01785,0,11,2010-03-19 11:25:53
45935,False,unclustered,True,False,True,0.02013,0.5669,0.01785,0,240,2010-03-19 14:46:00
45940,False,unclustered,True,False,True,0.02013,0.5669,0.01785,0,279,2010-03-19 16:04:43
46464,False,unclustered,True,False,True,0.02013,0.5669,0.01785,0,440,2010-03-22 13:39:58
46661,False,unclustered,True,False,True,0.02013,0.5669,0.01785,0,1077,2010-03-23 12:12:27
46748,False,unclustered,True,False,True,0.02013,0.5669,0.01785,0,436,2010-03-23 22:29:10
46845,False,unclustered,True,False,True,0.02013,0.5669,0.01785,0,1121,2010-03-24 13:18:34
46921,False,unclustered,True,False,True,0.02013,0.5669,0.01785,0,585,2010-03-24 22:27:31
46994,False,unclustered,True,False,True,0.02013,0.5669,0.01785,0,2052,2010-03-25 08:25:54
18043,False,unclustered,True,False,True,0.04532,0.90793,0.0137,1,52,2009-06-25 18:33:44
3745,False,unclustered,True,False,True,0.03127,0.87022,0.00917,1,130,2009-02-10 11:43:33
3358,False,unclustered,True,False,True,0.03127,0.87022,0.00559,0,1336,2009-02-07 12:08:45
3827,False,unclustered,True,False,True,0.03127,0.87022,0.00559,0,433,2009-02-11 03:08:49
7999,False,unclustered,True,False,True,0.01299,0.73225,2e-05,0,149,2009-03-19 11:11:50
12335,False,unclustered,True,False,True,0.00806,0.62791,0.0,0,223,2009-04-26 20:52:26
22793,False,unclustered,True,False,True,0.00504,0.51268,0.0,1,12,2009-09-13 12:48:58
