height,clock_pi,track_fit,spent,nonce_low_byte,gap_to_previous_listed_s
15,0.1875,,False,56,87157
77,0.1658,False,False,34,630
79,0.0625,False,False,57,12423
184,0.7544,,False,46,887
711,0.3042,,False,1,1452
1295,0.0773,,False,41,702
1921,0.9352,,False,47,31373
2398,0.9476,,False,42,3185
3711,1.0,,False,26,573
5168,0.9202,,False,30,747
5749,0.2943,,False,3,3918
6295,0.9102,,False,43,3783
6882,0.1571,,False,20,2863
7197,0.4638,False,False,2,1344
8047,0.1247,,False,31,3432
8210,0.9892,,False,51,354
10055,0.697,False,False,0,754
10356,0.9167,,False,51,5100
11004,0.4015,,False,6,960
12529,0.9102,,False,29,3974
13166,0.4479,,False,25,5041
13812,0.9479,,False,48,5481
13949,0.3641,False,False,27,1403
14294,0.9426,False,False,4,1418
15048,0.1146,,False,56,25376
16468,0.6146,,False,8,22840
16490,0.0833,,False,38,30682
16592,0.3958,,False,35,73782
17076,0.8454,,False,52,2055
17553,0.0833,,False,20,5819
17826,0.8753,False,False,1,2363
17873,0.9327,,False,39,1315
17876,0.8504,,False,4,4995
18265,0.1875,,False,20,45092
19113,0.9938,,False,27,8144
19236,0.9701,False,False,32,698
19565,0.5417,,False,20,25996
19978,0.3067,,False,5,9265
20298,0.5037,,False,36,2348
20312,0.4027,,False,28,53046
20762,0.0599,False,False,8,1963
21133,0.616,,False,41,1906
21526,0.2594,,False,33,2967
21527,0.8542,,False,22,23081
21542,0.3438,False,False,34,3913
21628,0.1222,False,False,34,1451
21810,0.0948,,False,36,1711
21833,0.3616,False,False,29,2262
22061,0.995,False,False,28,1836
22164,0.2893,,False,38,14556
22180,0.6459,False,False,0,2939
22344,0.1247,False,False,34,2727
22396,0.6496,False,False,24,1026
22423,0.1397,False,False,22,2159
22454,0.9177,False,False,36,1722
22464,0.1875,,False,20,11939
22693,0.2893,False,False,21,2427
22752,0.783,False,False,32,1665
22878,0.2319,False,False,33,1232
22907,0.7581,False,False,34,935
23120,0.2544,False,False,30,2492
23138,0.8958,,False,34,5041
23435,0.8404,,False,31,127487
23519,0.8429,False,False,20,2559
23603,0.0648,False,False,24,2545
23748,0.4613,False,False,37,2212
23815,0.9458,False,False,27,1296
23886,0.3367,False,False,34,2173
24014,0.8429,,False,35,4170
24018,0.4589,False,False,31,2881
24082,0.7396,False,False,25,607
24414,0.9792,False,False,25,4750
24769,0.8678,False,False,34,5870
24814,0.8354,False,False,20,4757
24878,0.2812,False,False,32,4153
24986,0.0777,False,False,27,2419
25017,0.1538,False,False,26,5506
25323,0.9895,False,False,20,6956
25646,0.1758,False,False,31,5541
25648,0.8557,,False,2,2142
25660,0.6424,False,False,49,8684
25676,0.9416,False,False,33,13981
25716,0.9526,False,False,51,38877
25816,0.6826,False,False,23,3805
25988,0.1016,False,False,19,2858
25990,0.8343,,False,2,3363
26041,0.9045,False,False,22,3617
26106,0.3831,False,False,19,11369
26120,0.1945,False,False,6,6431
26251,0.6538,,False,25,173606
26428,0.0549,False,False,22,5670
26793,0.6346,False,False,28,4424
26954,0.997,False,False,7,5695
27404,0.9581,,False,23,4757
27449,0.0803,,False,8,2492
27613,0.3933,False,False,29,2496
27680,0.1077,False,False,5,4429
27925,0.2317,False,False,5,3781
28035,0.4278,False,False,1,4920
28081,0.9989,False,False,4,3675
28400,0.8283,False,False,21,4434
28752,0.9675,False,False,34,129205
28888,0.9898,False,False,7,4909
29427,0.9256,False,False,0,3020
29554,0.5763,False,False,33,1382
29570,0.8793,False,False,20,2541
29573,0.2907,False,False,23,2315
29641,0.3923,False,False,1,775
29896,0.1555,False,False,21,4826
29898,0.7083,False,False,3,2741
30150,0.7825,False,False,34,3465
30169,0.8623,False,False,24,9156
30178,0.9316,False,False,53,3505
30628,0.7449,False,False,27,5151
30744,0.3543,,False,7,1997
30822,0.8204,False,False,25,2601
31473,0.1074,False,False,6,854
32197,0.0513,False,False,6,5028
32589,0.0579,False,False,0,5256
32805,0.1875,False,False,25,1853
32970,0.9567,False,False,25,3872
33275,0.0691,False,False,1,1902
33696,0.1377,False,False,29,3839
34590,0.3486,False,False,4,3460
34926,0.0803,False,False,28,2448
35032,0.8669,False,False,26,2994
36191,0.4919,,False,35,1951
36437,0.5872,,False,22,2930
36781,0.9014,False,False,26,4982
37738,0.8461,,False,26,220506
40138,0.2112,False,False,2,7200
40720,0.178,False,False,4,1326
41192,0.0579,False,False,5,1060
41494,0.2083,False,False,5,10244
42324,0.1956,False,False,9,3515
42518,0.9691,False,False,9,2490
42769,0.8648,False,False,2,2925
43507,0.2149,False,False,58,13557
43610,0.623,False,False,23,1508
44133,0.9526,False,False,42,2430
44387,0.9987,False,False,28,3851
44437,0.0711,False,False,20,2504
44571,0.9176,False,False,24,2311
44838,0.1717,False,True,26,4306
44887,0.9827,False,False,20,3241
44981,0.8887,False,False,28,4277
45003,0.9769,False,False,4,2669
45077,0.8069,False,False,3,2623
45241,0.6138,False,False,22,2682
45310,0.7581,,False,0,4963
46459,0.9929,False,False,19,1454
46670,0.9989,False,False,3,2065
46684,0.5459,False,False,56,2445
46710,0.9283,False,False,55,2674
46776,0.503,False,False,20,2107
47645,0.9073,False,False,2,4934
47909,0.3463,False,False,7,4470
48219,0.7632,,False,25,1410
48294,0.4906,,False,36,5809
48441,0.5224,False,False,24,4755
48509,0.9499,False,False,5,1354
48737,0.1596,False,False,28,4684
49191,0.2628,False,False,24,5004
49415,0.686,,False,3,8567
49443,0.8035,False,False,23,4738
49797,0.9567,,False,30,145616
49867,0.0792,,False,41,25726
49957,0.9256,False,False,39,31228
49973,0.8187,False,False,48,3614
