coinbase_height,coinbase_txid,coinbase_output_index,spending_txid,spending_input_index,spending_height,spending_timestamp,spent_transaction_hash,spent_output_index,value_sats,live_confirmed,observed_at,provider,outspend_response_id,spender_response_id
9,0437cd7f8525ceed2324359c2d0ba26006d92d856a9c20fa0241106ee5a597c9,0,f4184fc596403b9d638783cf57adfe4c75c605f6356fbc91338530e9831e9e16,0,170,2009-01-12 03:30:25+00,0437cd7f8525ceed2324359c2d0ba26006d92d856a9c20fa0241106ee5a597c9,0,5000000000,True,2026-09-27T23:34:10.405083+00:00,https://mempool.space/api,1,2
286,00ff9e64c9a2e7793e6f8c2b04072b4b22648cdedd46cd1c3ae3d6a23c8ec1eb,0,d71fd2f64c0b34465b7518d240c00e83f6a5b10138a7079d1252858fe7e6b577,0,524,2009-01-15 01:46:26+00,00ff9e64c9a2e7793e6f8c2b04072b4b22648cdedd46cd1c3ae3d6a23c8ec1eb,0,5000000000,True,2026-09-27T23:34:11.397115+00:00,https://mempool.space/api,3,4
688,0030800bdbc219ac7089af0798459a209446750f7322a212b496bdfe842184cd,0,4b96658d39f7fd4241442e6dc9877c8ee0fe0d82477e6014e1681d1efe052c8d,0,2754,2009-02-02 18:21:36+00,0030800bdbc219ac7089af0798459a209446750f7322a212b496bdfe842184cd,0,5000000000,True,2026-09-27T23:34:12.397180+00:00,https://mempool.space/api,5,6
877,3b4fa5050b6c63831ae924805a3247ce5ec640523a70ad9d6da0a36a51c0fdff,0,028ad2c836163295e4723a49dd418ee8fb55a14613b1186675f01124b60fb763,1,56180,2010-05-17 23:07:58+00,3b4fa5050b6c63831ae924805a3247ce5ec640523a70ad9d6da0a36a51c0fdff,0,5000000000,True,2026-09-27T23:34:13.411551+00:00,https://mempool.space/api,7,8
1760,b603e5d5a5cc0ff4d376b0bd3941050287aaeaef44537e62d06f3ad57617fcff,0,499d0f5d452891ebe18a8c23cc0a554459a0ba3341ef021f3fae15926a977ffd,9,56173,2010-05-17 22:04:33+00,b603e5d5a5cc0ff4d376b0bd3941050287aaeaef44537e62d06f3ad57617fcff,0,5000000000,True,2026-09-27T23:34:14.434602+00:00,https://mempool.space/api,9,10
2459,53b4225429b987d2cb636653aa234a1630cb934c2069c76b8b6b77628df98798,0,7d73200eac9b66ea105fe63378c69f5d68663f925297117ed178deaddb6fc3d5,1,2616,2009-02-01 16:25:12+00,53b4225429b987d2cb636653aa234a1630cb934c2069c76b8b6b77628df98798,0,5000000000,True,2026-09-27T23:34:15.426750+00:00,https://mempool.space/api,11,12
2485,f3bac26d501476d6e29a5048866b4653b9ae79f2b6cc29c3312ca0b8ac2b7896,0,7d73200eac9b66ea105fe63378c69f5d68663f925297117ed178deaddb6fc3d5,0,2616,2009-02-01 16:25:12+00,f3bac26d501476d6e29a5048866b4653b9ae79f2b6cc29c3312ca0b8ac2b7896,0,5000000000,True,2026-09-27T23:34:16.428435+00:00,https://mempool.space/api,13,14
2577,ef0afb7a2e66283f3e4275696b78659d816407c603405ab3c57929c4e6aa375a,0,29591d211054478ed22c93571955cb92ef4ec2b40d914a43ba3a91d52a171c61,23,128196,2011-06-02 18:44:59+00,ef0afb7a2e66283f3e4275696b78659d816407c603405ab3c57929c4e6aa375a,0,5000000000,True,2026-09-27T23:34:17.431000+00:00,https://mempool.space/api,15,16
3479,6f83e118f7196191ca63275a2ad9b3a85237623f6d8c3e9d0f00f38b63bbc1ff,0,499d0f5d452891ebe18a8c23cc0a554459a0ba3341ef021f3fae15926a977ffd,0,56173,2010-05-17 22:04:33+00,6f83e118f7196191ca63275a2ad9b3a85237623f6d8c3e9d0f00f38b63bbc1ff,0,5000000000,True,2026-09-27T23:34:18.428975+00:00,https://mempool.space/api,17,18
5326,000d50bc8ed090e7d07ac8a4807d3483c7df47661f3e1dc156593e2781645bfd,0,ea84d39ef6f7b3b23fbf899e11a9bb18478a19413579a69f3005359da7a62c49,0,11408,2009-04-18 15:55:19+00,000d50bc8ed090e7d07ac8a4807d3483c7df47661f3e1dc156593e2781645bfd,0,5000000000,True,2026-09-27T23:34:19.434525+00:00,https://mempool.space/api,19,20
9443,8fa98a91e14dd9c979d2510cb77797a4f9f9a905510a2db836b7cc9ecd29c6ff,0,499d0f5d452891ebe18a8c23cc0a554459a0ba3341ef021f3fae15926a977ffd,2,56173,2010-05-17 22:04:33+00,8fa98a91e14dd9c979d2510cb77797a4f9f9a905510a2db836b7cc9ecd29c6ff,0,5000000000,True,2026-09-27T23:34:20.440245+00:00,https://mempool.space/api,21,22
9925,d82bc16f0e56427f16d76fd27f67960561e12c4ef2172b217252a46d89aaf0ff,0,499d0f5d452891ebe18a8c23cc0a554459a0ba3341ef021f3fae15926a977ffd,8,56173,2010-05-17 22:04:33+00,d82bc16f0e56427f16d76fd27f67960561e12c4ef2172b217252a46d89aaf0ff,0,5000000000,True,2026-09-27T23:34:21.451889+00:00,https://mempool.space/api,23,24
10645,a18fe327791e8bd68bbdca71c80f58b1ff66ff9a53401ba8c3b70e518207cdff,0,499d0f5d452891ebe18a8c23cc0a554459a0ba3341ef021f3fae15926a977ffd,4,56173,2010-05-17 22:04:33+00,a18fe327791e8bd68bbdca71c80f58b1ff66ff9a53401ba8c3b70e518207cdff,0,5000000000,True,2026-09-27T23:34:22.440305+00:00,https://mempool.space/api,25,26
15625,4ab36abb6c072928e605465071a7960a0a8709105bb023fb35bc343a576bf4ff,0,028ad2c836163295e4723a49dd418ee8fb55a14613b1186675f01124b60fb763,0,56180,2010-05-17 23:07:58+00,4ab36abb6c072928e605465071a7960a0a8709105bb023fb35bc343a576bf4ff,0,5000000000,True,2026-09-27T23:34:23.442911+00:00,https://mempool.space/api,27,28
15817,24596e4434229086743bedc2d497f07dbd1537f8313e9f4a3d03750fd785c4ff,0,499d0f5d452891ebe18a8c23cc0a554459a0ba3341ef021f3fae15926a977ffd,1,56173,2010-05-17 22:04:33+00,24596e4434229086743bedc2d497f07dbd1537f8313e9f4a3d03750fd785c4ff,0,5000000000,True,2026-09-27T23:34:24.447182+00:00,https://mempool.space/api,29,30
19093,4e7cdb73ade286c474f528dbf1a527695d687b53bf73e44d8779d4f6e302cbff,0,499d0f5d452891ebe18a8c23cc0a554459a0ba3341ef021f3fae15926a977ffd,3,56173,2010-05-17 22:04:33+00,4e7cdb73ade286c474f528dbf1a527695d687b53bf73e44d8779d4f6e302cbff,0,5000000000,True,2026-09-27T23:34:25.452910+00:00,https://mempool.space/api,31,32
23014,55566292dc7b677d1330158155ef3e7c23919d2f7d836fbffed298a43563e3ff,0,499d0f5d452891ebe18a8c23cc0a554459a0ba3341ef021f3fae15926a977ffd,6,56173,2010-05-17 22:04:33+00,55566292dc7b677d1330158155ef3e7c23919d2f7d836fbffed298a43563e3ff,0,5000000000,True,2026-09-27T23:34:26.447003+00:00,https://mempool.space/api,33,34
24504,894370e3939855c140b264fbbb9a1bacc608b4a187e637a2c523e50e7cbf7ecb,0,66829539576d0b3b9180aa882622675760c23e5ba7f862dcb38dba034993636d,25,69345,2010-07-21 04:22:01+00,894370e3939855c140b264fbbb9a1bacc608b4a187e637a2c523e50e7cbf7ecb,0,5000000000,True,2026-09-27T23:34:27.447115+00:00,https://mempool.space/api,35,36
28593,366a2afa2badf521bae8dee756c557cda8bea4b4d56dfa90f88f78487b57f0ff,0,499d0f5d452891ebe18a8c23cc0a554459a0ba3341ef021f3fae15926a977ffd,7,56173,2010-05-17 22:04:33+00,366a2afa2badf521bae8dee756c557cda8bea4b4d56dfa90f88f78487b57f0ff,0,5000000000,True,2026-09-27T23:34:28.441506+00:00,https://mempool.space/api,37,38
29097,000fb5bec80d688d4f4cad4f969bdad655ced86248007e92c9500d70e00ad204,0,d3b94dcede3cbb08c7c0fdd1889478baa5a0b482cd917f276fa07be702326385,0,69714,2010-07-23 03:17:33+00,000fb5bec80d688d4f4cad4f969bdad655ced86248007e92c9500d70e00ad204,0,5000000000,True,2026-09-27T23:34:29.447778+00:00,https://mempool.space/api,39,40
34813,c042bd73819d449bfec4f5dce7b1c8a4e990ec469de62201b01982b80015a619,0,2efb698e61a9d9958b913d8e9c829874bfa8e67d25182f9c3580f5170e2463a7,14,498031,2017-12-07 04:44:15+00,c042bd73819d449bfec4f5dce7b1c8a4e990ec469de62201b01982b80015a619,0,5000000000,True,2026-09-27T23:34:30.445101+00:00,https://mempool.space/api,41,42
35573,85e723316d99cc4e409053d36861585b2033f9dee0f544b6a95a5da179229d49,0,907bc01510f15727d4db00a188309c0bb7cf47dd76dac1b2f8624eb2ef4f7d75,34,492919,2017-11-03 11:28:53+00,85e723316d99cc4e409053d36861585b2033f9dee0f544b6a95a5da179229d49,0,5000000000,True,2026-09-27T23:34:31.442216+00:00,https://mempool.space/api,43,44
35599,6d1a86c25bded5ef6446371f00e3be084b6a8f482583c41f04ff1e74ab95b66d,0,907bc01510f15727d4db00a188309c0bb7cf47dd76dac1b2f8624eb2ef4f7d75,51,492919,2017-11-03 11:28:53+00,6d1a86c25bded5ef6446371f00e3be084b6a8f482583c41f04ff1e74ab95b66d,0,5000000000,True,2026-09-27T23:34:32.450667+00:00,https://mempool.space/api,45,46
37764,242f331cb544edd6856274779885b67769248e3fe4e2bd70c7fab28b9ca4b011,0,8abde2a358ca9594df1bcef520b68aed9655aee50aae01adb50667c71bb24d4e,9,270395,2013-11-19 05:28:53+00,242f331cb544edd6856274779885b67769248e3fe4e2bd70c7fab28b9ca4b011,0,5000000000,True,2026-09-27T23:34:33.445006+00:00,https://mempool.space/api,47,48
37808,3810cda54fae279c54aa28a1ef397c13471f838f4a35f6207431c4478032c584,0,3e60741b3b2a0cd50afb62702e9be55cbf40831fb42f2e36e361c7f84b6fd7d7,22,480180,2017-08-12 07:25:53+00,3810cda54fae279c54aa28a1ef397c13471f838f4a35f6207431c4478032c584,0,5000000000,True,2026-09-27T23:34:34.444295+00:00,https://mempool.space/api,49,50
39647,9560897d7c2691923afd83a9496fe3c5e7e505a2ae0888f8091d10593f34f15c,0,d95a53ceb013656da033cfd490548d2c2c30b651127f4b0c4633fe83b4a1bccc,42,467891,2017-05-24 12:08:05+00,9560897d7c2691923afd83a9496fe3c5e7e505a2ae0888f8091d10593f34f15c,0,5000000000,True,2026-09-27T23:34:35.446500+00:00,https://mempool.space/api,51,52
44838,129be663a42091f55e3e92f5898ed7f932ddf4a39e4b2d6cb0bcb2b1ffc43af2,0,16dbad11f2d1b7148ff6e50566560aef537beffe07b1529c9a3616c57cc7800d,0,479599,2017-08-08 04:46:02+00,129be663a42091f55e3e92f5898ed7f932ddf4a39e4b2d6cb0bcb2b1ffc43af2,0,5000000000,True,2026-09-27T23:34:36.443686+00:00,https://mempool.space/api,53,54
46844,3f89ee1be80d6c1597329cb952261421bf84ca86cb389f2dbc00e9b43122075b,0,4dcc0f56c1bec15e29c3efdaf562cf6a2893e2b819112e9ea4e92d6b256a79db,10,446626,2017-01-04 18:27:27+00,3f89ee1be80d6c1597329cb952261421bf84ca86cb389f2dbc00e9b43122075b,0,5000000000,True,2026-09-27T23:34:37.442080+00:00,https://mempool.space/api,55,56
48277,ae2fc8754498f48af45ecf2196ef17a1bc179ff473956db9b66dafa3f40d93b0,0,3d9ffe4f847738863f14d7811484cce02b192c41702f2d27c974ec90d6902c9a,4,445315,2016-12-27 10:22:12+00,ae2fc8754498f48af45ecf2196ef17a1bc179ff473956db9b66dafa3f40d93b0,0,5000000000,True,2026-09-27T23:34:38.447354+00:00,https://mempool.space/api,57,58
49174,efae47b611cf1a150f462cd850ca6acfed0be6365154186875238ffb15715d33,0,c2a9e7f555f9dbfa76b0d5fb1d007ce2c687e7875f6033c38caf7e28925b6eb5,7,53022,2010-04-25 19:11:33+00,efae47b611cf1a150f462cd850ca6acfed0be6365154186875238ffb15715d33,0,5000000000,True,2026-09-27T23:34:39.453789+00:00,https://mempool.space/api,59,60
49958,8ac18c8e970e854b0fcf1e555735472af7166f35d800e9fbb586c9bfb0976876,0,d6e8d9348ebdc3d98fd6f1b34f5628813901a8594e655942378489e17f1dca68,13,415954,2016-06-12 11:14:29+00,8ac18c8e970e854b0fcf1e555735472af7166f35d800e9fbb586c9bfb0976876,0,5000000000,True,2026-09-27T23:34:40.444894+00:00,https://mempool.space/api,61,62
