height,block_hash,block_timestamp,coinbase_txid,tx_version,lock_time,input_count,output_count,input_script,input_sequence,output_index,output_script,output_type,output_value_raw,all_outputs_json,nonce,bits,block_version,merkle_root,transaction_count,coinbase_param
1,00000000839a8e6886ab5951d76f411475428afc90947ee320161bbf18eb6048,2009-01-09 02:54:25+00,0e3e2357e806b6cdb1f70b54c3a3a17b6714ee1f0e68bebb44a74b1efd512098,1,0,1,1,04ffff001d0104,4294967295,0,410496b538e853519c726a2c91e61ec11600ae1390813a627c66fb8be7947be63c52da7589379515d4e0a604f8141781e62294721166bf621e73a82cbf2342c858eeac,pubkey,5000000000,"[{""index"":0,""script_asm"":""0496b538e853519c726a2c91e61ec11600ae1390813a627c66fb8be7947be63c52da7589379515d4e0a604f8141781e62294721166bf621e73a82cbf2342c858ee OP_CHECKSIG"",""script_hex"":""410496b538e853519c726a2c91e61ec11600ae1390813a627c66fb8be7947be63c52da7589379515d4e0a604f8141781e62294721166bf621e73a82cbf2342c858eeac"",""required_signatures"":1,""type"":""pubkey"",""addresses"":[""12c6DSiU4Rq3P4ZxziKxzrL5LmMBrzjrJX""],""value"":5000000000}]",9962e301,1d00ffff,1,0e3e2357e806b6cdb1f70b54c3a3a17b6714ee1f0e68bebb44a74b1efd512098,1,04ffff001d0104
3,0000000082b5015589a3fdf2d4baff403e6f0be035a5d9742c1cae6295464449,2009-01-09 03:02:53+00,999e1c837c76a1b7fbb7e57baf87b309960f5ffefbf2a9b95dd890602272f644,1,0,1,1,04ffff001d010e,4294967295,0,410494b9d3e76c5b1629ecf97fff95d7a4bbdac87cc26099ada28066c6ff1eb9191223cd897194a08d0c2726c5747f1db49e8cf90e75dc3e3550ae9b30086f3cd5aaac,pubkey,5000000000,"[{""index"":0,""script_asm"":""0494b9d3e76c5b1629ecf97fff95d7a4bbdac87cc26099ada28066c6ff1eb9191223cd897194a08d0c2726c5747f1db49e8cf90e75dc3e3550ae9b30086f3cd5aa OP_CHECKSIG"",""script_hex"":""410494b9d3e76c5b1629ecf97fff95d7a4bbdac87cc26099ada28066c6ff1eb9191223cd897194a08d0c2726c5747f1db49e8cf90e75dc3e3550ae9b30086f3cd5aaac"",""required_signatures"":1,""type"":""pubkey"",""addresses"":[""1FvzCLoTPGANNjWoUo6jUGuAG3wg1w4YjR""],""value"":5000000000}]",6dede005,1d00ffff,1,999e1c837c76a1b7fbb7e57baf87b309960f5ffefbf2a9b95dd890602272f644,1,04ffff001d010e
4,000000004ebadb55ee9096c9a2f8880e09da59c0d68b1c228da88e48844a1485,2009-01-09 03:16:28+00,df2b060fa2e5e9c8ed5eaf6a45c13753ec8c63282b2688322eba40cd98ea067a,1,0,1,1,04ffff001d011a,4294967295,0,4104184f32b212815c6e522e66686324030ff7e5bf08efb21f8b00614fb7690e19131dd31304c54f37baa40db231c918106bb9fd43373e37ae31a0befc6ecaefb867ac,pubkey,5000000000,"[{""index"":0,""script_asm"":""04184f32b212815c6e522e66686324030ff7e5bf08efb21f8b00614fb7690e19131dd31304c54f37baa40db231c918106bb9fd43373e37ae31a0befc6ecaefb867 OP_CHECKSIG"",""script_hex"":""4104184f32b212815c6e522e66686324030ff7e5bf08efb21f8b00614fb7690e19131dd31304c54f37baa40db231c918106bb9fd43373e37ae31a0befc6ecaefb867ac"",""required_signatures"":1,""type"":""pubkey"",""addresses"":[""15ubicBBWFnvoZLT7GiU2qxjRaKJPdkDMG""],""value"":5000000000}]",a9e0fe2b,1d00ffff,1,df2b060fa2e5e9c8ed5eaf6a45c13753ec8c63282b2688322eba40cd98ea067a,1,04ffff001d011a
264,00000000641f9b99064bda263144a08761757b566357f49e95f516b0b5a4b778,2009-01-13 00:19:40+00,afb22d24e466012b7bf38b0cc46b48551d9cc0834875e122513c788b9a370c26,1,0,1,1,04ffff001d026901,4294967295,0,41042ecd5eb8bf25555f4ee1276cf80031307f87d31f1ea928fede578fe2c33665f116239f256c131055b546743c523fc593be8b5631802eb5c5254046d8bca14788ac,pubkey,5000000000,"[{""index"":0,""script_asm"":""042ecd5eb8bf25555f4ee1276cf80031307f87d31f1ea928fede578fe2c33665f116239f256c131055b546743c523fc593be8b5631802eb5c5254046d8bca14788 OP_CHECKSIG"",""script_hex"":""41042ecd5eb8bf25555f4ee1276cf80031307f87d31f1ea928fede578fe2c33665f116239f256c131055b546743c523fc593be8b5631802eb5c5254046d8bca14788ac"",""required_signatures"":1,""type"":""pubkey"",""addresses"":[""1CFBdvaiZgZPTZERqnezAtDQJuGHKoHSzg""],""value"":5000000000}]",270f242c,1d00ffff,1,afb22d24e466012b7bf38b0cc46b48551d9cc0834875e122513c788b9a370c26,1,04ffff001d026901
2817,00000000d50a3cd05e451166e5f618c76cc3273104608fe424835ae5c0d47db9,2009-02-03 05:16:42+00,e958faf790304fc4185b377552e93fddae3a513c255f8bb09526b5886ab83936,1,0,1,1,04ffff001d024606,4294967295,0,410479ecd6e117cf7333f1dfd2b02cb44d3b658a7e52ebcb722d30a268d0ad1cf15b0820b4a8e936001ea752cf1cd266b6716de974765761e1ff9b683a1038e5924cac,pubkey,5201000000,"[{""index"":0,""script_asm"":""0479ecd6e117cf7333f1dfd2b02cb44d3b658a7e52ebcb722d30a268d0ad1cf15b0820b4a8e936001ea752cf1cd266b6716de974765761e1ff9b683a1038e5924c OP_CHECKSIG"",""script_hex"":""410479ecd6e117cf7333f1dfd2b02cb44d3b658a7e52ebcb722d30a268d0ad1cf15b0820b4a8e936001ea752cf1cd266b6716de974765761e1ff9b683a1038e5924cac"",""required_signatures"":1,""type"":""pubkey"",""addresses"":[""15pAxcnYHxT4Ljn4DG1RjKH2aUdxYMtXjg""],""value"":5201000000}]",3fcc5b20,1d00ffff,1,174a5bb3224f2107214a90d466692187b95946c10b1ccd87edd1e1d855e7a6ea,4,04ffff001d024606
10000,0000000099c744455f58e6c6e98b671e1bf7f37346bfd4cf5d0274ad8ee660cb,2009-04-06 03:23:33+00,9c397f783042029888ec02f0a461cfa2cc8e3c7897f476e338720a2a86731c60,1,0,1,1,04ffff001d026f03,4294967295,0,41042f462d3245d2f3a015f7f9505f763ee1080cab36191d07ae9e6509f71bb68818719e6fb41c019bf48ae11c45b024d476e19b6963103ce8647fc15fee513b15c7ac,pubkey,5000000000,"[{""index"":0,""script_asm"":""042f462d3245d2f3a015f7f9505f763ee1080cab36191d07ae9e6509f71bb68818719e6fb41c019bf48ae11c45b024d476e19b6963103ce8647fc15fee513b15c7 OP_CHECKSIG"",""script_hex"":""41042f462d3245d2f3a015f7f9505f763ee1080cab36191d07ae9e6509f71bb68818719e6fb41c019bf48ae11c45b024d476e19b6963103ce8647fc15fee513b15c7ac"",""required_signatures"":1,""type"":""pubkey"",""addresses"":[""1JoiKZz2QRd47ARtcYgvgxC9jhnre9aphv""],""value"":5000000000}]",7fe05d3a,1d00ffff,1,9c397f783042029888ec02f0a461cfa2cc8e3c7897f476e338720a2a86731c60,1,04ffff001d026f03
19863,00000000a2c8e86230ff39d8ce2e61a97d619c3d94d834ff1db18c5d94cae238,2009-07-20 22:54:07+00,2965f8b54500acfc739438aeba191dca218612a8a7b7ab34df6a73360b223031,1,0,1,1,04ffff001d02ad0a,4294967295,0,41042437a3015da8dc874cfd18036ca8753611c615396395ad9356801a4979eb07634f68ff2d335aa60dc03bb05972ec0af443a58a30d519bddf724dc85be6af5100ac,pubkey,5014000000,"[{""index"":0,""script_asm"":""042437a3015da8dc874cfd18036ca8753611c615396395ad9356801a4979eb07634f68ff2d335aa60dc03bb05972ec0af443a58a30d519bddf724dc85be6af5100 OP_CHECKSIG"",""script_hex"":""41042437a3015da8dc874cfd18036ca8753611c615396395ad9356801a4979eb07634f68ff2d335aa60dc03bb05972ec0af443a58a30d519bddf724dc85be6af5100ac"",""required_signatures"":1,""type"":""pubkey"",""addresses"":[""1GEYpSxwYTH9poKaYrY4g7WaRVqFtSWYVJ""],""value"":5014000000}]",1923cf29,1d00ffff,1,413dc8b5d1c366604647ea8d1a2bc3e771429573d1fa3327376b898ed6814af1,2,04ffff001d02ad0a
23079,00000000e6bc6f51500e72d775fcb2e340fb21ff9021ef63320be81c1980a4de,2009-09-17 16:10:30+00,b03dd2bb01eaa6c322098551ea1ea7fa9de7dd75ad10a1e837ea55b5a65840e1,1,0,1,1,04ffff001d023e0a,4294967295,0,41040cc959cc107b30c8c9a5ca9a9fe6f0669a28361eb48c36474f7dcf9198b94eab623cc8fd795e93ed9c5d60f98abb64f6fe919e0b7e367a0d04e9ff369f43d19dac,pubkey,5012000000,"[{""index"":0,""script_asm"":""040cc959cc107b30c8c9a5ca9a9fe6f0669a28361eb48c36474f7dcf9198b94eab623cc8fd795e93ed9c5d60f98abb64f6fe919e0b7e367a0d04e9ff369f43d19d OP_CHECKSIG"",""script_hex"":""41040cc959cc107b30c8c9a5ca9a9fe6f0669a28361eb48c36474f7dcf9198b94eab623cc8fd795e93ed9c5d60f98abb64f6fe919e0b7e367a0d04e9ff369f43d19dac"",""required_signatures"":1,""type"":""pubkey"",""addresses"":[""1JYcpi9aYTSv2TjNQ7vgFT76cVdgER4BPN""],""value"":5012000000}]",fb433e15,1d00ffff,1,bd11a537f8bd840c7c0ec776b5992a39c9c97f5245f158a531514b33cbd2919a,2,04ffff001d023e0a
28507,00000000e0b22bbdc2b7cbda261c03be9b9121a42ca1c59ba965b014ae97e0a0,2009-12-01 21:45:59+00,b523ce673cc529a4a260876c33dd0a65b6ef8506dbdb4c2fcdd22123bdb6d707,1,0,1,1,04ffff001d02fe15,4294967295,0,41045587f85921a4ddd304e0e1981851297c0db52fa8855233161a6902dc4cfa14a6f95892d8699b3e334eda34293aa9d8e9c8a6cf9a2bdc06e7e6cbdbbb88e990c1ac,pubkey,5022000000,"[{""index"":0,""script_asm"":""045587f85921a4ddd304e0e1981851297c0db52fa8855233161a6902dc4cfa14a6f95892d8699b3e334eda34293aa9d8e9c8a6cf9a2bdc06e7e6cbdbbb88e990c1 OP_CHECKSIG"",""script_hex"":""41045587f85921a4ddd304e0e1981851297c0db52fa8855233161a6902dc4cfa14a6f95892d8699b3e334eda34293aa9d8e9c8a6cf9a2bdc06e7e6cbdbbb88e990c1ac"",""required_signatures"":1,""type"":""pubkey"",""addresses"":[""1GuZEDBkrfGfyKyTHRUVcdkeGCUDLrKbeT""],""value"":5022000000}]",56b1cb15,1d00ffff,1,78280e7b153a89919528345f699eb7fbec10db3c69d5da3bbf9e282ae2960abe,2,04ffff001d02fe15
49973,0000000011aec35c4d86a396f0e5825292a77237272eb2156ec9d9b78ae29d18,2010-04-10 12:47:06+00,f5fc71ac0e2f16b5f32f19a6056fe9da9aa2bf6933c54547185ba75394efbaf0,1,0,1,1,0415112a1c02b100,4294967295,0,4104326860d6ca317a3800121be5c0544bf056cd1129fbfbd02555424dac4b7ba445109d96bf25890d8ab3ef8f8ae66ac146f4e11cd3c3487d0c1e7986587d2f1b50ac,pubkey,5000000000,"[{""index"":0,""script_asm"":""04326860d6ca317a3800121be5c0544bf056cd1129fbfbd02555424dac4b7ba445109d96bf25890d8ab3ef8f8ae66ac146f4e11cd3c3487d0c1e7986587d2f1b50 OP_CHECKSIG"",""script_hex"":""4104326860d6ca317a3800121be5c0544bf056cd1129fbfbd02555424dac4b7ba445109d96bf25890d8ab3ef8f8ae66ac146f4e11cd3c3487d0c1e7986587d2f1b50ac"",""required_signatures"":1,""type"":""pubkey"",""addresses"":[""1FDBMhtLimRtd13qEK9SYiyE9HA7KPRUsi""],""value"":5000000000}]",bf4ae30,1c2a1115,1,f5fc71ac0e2f16b5f32f19a6056fe9da9aa2bf6933c54547185ba75394efbaf0,1,0415112a1c02b100
